scene,group,view,iou,f1,accuracy,precision,recall,tp,fp,fn,tn,auc
bedroom,ds_v2_seed1,ds_v2_seed1/bedroom_v36,0.46608263288741564,0.6358204134366925,0.9234035326086957,0.5560734463276836,0.7422699849170438,3937,3143,1367,50433,0.9480449644164302
bedroom,ds_v2_seed1,ds_v2_seed1/bedroom_v60,0.3969668542839275,0.5683268047006156,0.9344938858695652,0.44779541446208115,0.7776416539050536,2539,3131,726,52484,0.9616068411699941
bedroom,ds_v2_seed1,ds_v2_seed1/bedroom_v58,0.47058112842817446,0.6399934275386132,0.7767323369565218,0.8663256227758007,0.5074257425742574,11685,1803,11343,34049,0.8879762789105913
bedroom,ds_v1_seed0,ds_v1_seed0/bedroom_v40,0.5518815408594968,0.7112418394432887,0.86328125,0.7283279459300617,0.6949390158418618,9914,3698,4352,40916,0.9268376790239056
bedroom,ds_v1_seed0,ds_v1_seed0/bedroom_v61,0.45823012834947086,0.628474366893144,0.9182744565217391,0.5071651090342679,0.8260604830525675,4070,3955,857,49998,0.963373768126165
bedroom,ds_v1_seed0,ds_v1_seed0/bedroom_v12,0.537389422770954,0.6990934304756385,0.8765455163043478,0.7538612623872869,0.6517443655449213,8444,2757,4512,43167,0.9288915890514199
bedroom,ds_v2_seed1,ds_v2_seed1/bedroom_v62,0.5491293956981905,0.7089522634107638,0.8878566576086957,0.7616972911536276,0.6630389974441422,8042,2516,4087,44235,0.9313663693852683
bedroom,ds_v1_seed0,ds_v1_seed0/bedroom_v32,0.5697230181470869,0.7258898691816247,0.8775815217391304,0.7969937369519833,0.6664339082466308,9544,2431,4777,42128,0.942985463800237
bedroom,ds_v2_seed1,ds_v2_seed1/bedroom_v59,0.5860191398086019,0.7389811700246212,0.872163722826087,0.8025760771316661,0.6847246320930531,10655,2621,4906,40698,0.927902638003712
bedroom,ds_v2_seed1,ds_v2_seed1/bedroom_v24,0.43336613097190335,0.6046830905346654,0.9119735054347826,0.6719783014070181,0.5496394897393233,3964,1935,3248,49733,0.9209247393798136
bedroom,ds_v1_seed0,ds_v1_seed0/bedroom_v46,0.3242350237034909,0.4896940768062486,0.9201086956521739,0.34395001523925633,0.8497740963855421,2257,4305,399,51919,0.9649327737458085
bedroom,ds_v1_seed0,ds_v1_seed0/bedroom_v58,0.449853228962818,0.620550025307913,0.9236073369565218,0.5193448178480655,0.7707460184409053,3678,3404,1094,50704,0.957120785283613
bedroom,ds_v1_seed0,ds_v1_seed0/bedroom_v14,0.561211742660837,0.7189437887577517,0.8806895380434783,0.7243047158403869,0.7136616362192216,8985,3420,3605,42870,0.9387469317908252
bedroom,ds_v2_seed1,ds_v2_seed1/bedroom_v08,0.5502387681512523,0.70987615515182,0.9216202445652174,0.6627538443479282,0.7642122360584732,5646,2873,1742,48619,0.9594397309882211
bedroom,ds_v1_seed0,ds_v1_seed0/bedroom_v38,0.5185399098995033,0.6829453826258938,0.8584239130434783,0.8206581352833638,0.5848097967691506,8978,1962,6374,41566,0.9267767492253584
bedroom,ds_v2_seed1,ds_v2_seed1/bedroom_v47,0.6202468913317715,0.7656202207824709,0.8568444293478261,0.8323961545438056,0.7087623558484349,13767,2772,5657,36684,0.9367059547427384
bedroom,ds_v1_seed0,ds_v1_seed0/bedroom_v31,0.5595074298293891,0.7175437822577087,0.8912533967391304,0.7578270592620201,0.6813269665745162,8133,2599,3804,44344,0.9526080389833802
bedroom,ds_v2_seed1,ds_v2_seed1/bedroom_v50,0.48103021297672116,0.6495886562771721,0.8220448369565218,0.8574203231217445,0.5228532974427995,9712,1615,8863,38690,0.918692564084455
bedroom,ds_v2_seed1,ds_v2_seed1/bedroom_v39,0.5527162597009275,0.7119346580519321,0.8394701086956522,0.8617382322561605,0.6065011943088586,11680,1874,7578,37748,0.9282422247283248
bedroom,ds_v1_seed0,ds_v1_seed0/bedroom_v48,0.45125550090603156,0.6218829153437265,0.8199898097826087,0.7183121806494148,0.5482795496005536,8716,3418,7181,39565,0.8661597490326775
bedroom,ds_v2_seed1,ds_v2_seed1/bedroom_v12,0.5107971207677953,0.6761955179107111,0.9065047554347826,0.5953392024857587,0.7824666485161993,5748,3907,1598,47627,0.952639320237208
bedroom,ds_v2_seed1,ds_v2_seed1/bedroom_v11,0.46616334934797526,0.6358955154011798,0.9339504076086956,0.5769622833843018,0.7082377476538061,3396,2490,1399,51595,0.954902211914336
bedroom,ds_v1_seed0,ds_v1_seed0/bedroom_v07,0.430560782837787,0.6019468560905026,0.8972146739130434,0.5496696696696697,0.6652129670010176,4576,3749,2303,48252,0.9241025406158742
bedroom,ds_v2_seed1,ds_v2_seed1/bedroom_v44,0.5067916327085031,0.6726764626340935,0.8149966032608695,0.8976662122062715,0.5378664103796251,11193,1276,9617,36794,0.9086561207023103
bedroom,ds_v2_seed1,ds_v2_seed1/bedroom_v38,0.5296656668373693,0.692524750107609,0.8908118206521739,0.6537836373487448,0.7361464158617184,7240,3834,2595,45211,0.9384629587293203
bedroom,ds_v1_seed0,ds_v1_seed0/bedroom_v63,0.575341587016486,0.7304340744360289,0.8875679347826086,0.7856517168885775,0.6824684218535991,8969,2447,4173,43291,0.9327784700548636
bedroom,ds_v2_seed1,ds_v2_seed1/bedroom_v63,0.5914605986817246,0.7432927955258922,0.8347316576086956,0.878358999937652,0.6442290104261935,14088,1951,7780,35061,0.932325397592515
bedroom,ds_v2_seed1,ds_v2_seed1/bedroom_v04,0.39668076797917345,0.5680335507921714,0.9370244565217392,0.4280948200175593,0.8438906195915542,2438,3257,451,52734,0.973833287836356
bedroom,ds_v2_seed1,ds_v2_seed1/bedroom_v48,0.4502049047030508,0.620884542926348,0.8564538043478261,0.7342457033736474,0.5378458190861051,6921,2505,5947,43507,0.8927962353132947
bedroom,ds_v2_seed1,ds_v2_seed1/bedroom_v13,0.5496021220159151,0.7093461143444026,0.9134850543478261,0.7043626062322946,0.7144006436041834,6216,2609,2485,47570,0.9481065199526736
bedroom,ds_v1_seed0,ds_v1_seed0/bedroom_v59,0.481315947104087,0.6498491399421443,0.8088145380434782,0.8156476926680721,0.540068245269362,10446,2361,8896,37177,0.8897973093730571
bedroom,ds_v1_seed0,ds_v1_seed0/bedroom_v54,0.45829234194583957,0.6285328788524357,0.8223165760869565,0.9064932404752151,0.4810326086956522,8851,913,9549,39567,0.951691731155482
bedroom,ds_v1_seed0,ds_v1_seed0/bedroom_v29,0.35469422911283377,0.5236520854526959,0.9363790760869565,0.38471599402092677,0.8196656050955414,2059,3293,453,53075,0.968311062336493
bedroom,ds_v1_seed0,ds_v1_seed0/bedroom_v41,0.52940546904265,0.6923023093072078,0.8506453804347827,0.8467134542964738,0.5855232007575758,9893,1791,7003,40193,0.9277836425341418
bedroom,ds_v1_seed0,ds_v1_seed0/bedroom_v56,0.5596283351802915,0.7176432006996064,0.8245244565217391,0.841612717133517,0.625506169310657,13130,2471,7861,35418,0.9161452538023875
bedroom,ds_v2_seed1,ds_v2_seed1/bedroom_v55,0.5326593319456834,0.6950785746620967,0.83984375,0.8664248286981056,0.5803142378921224,10748,1657,7773,38702,0.9240206838671784
bedroom,ds_v1_seed0,ds_v1_seed0/bedroom_v33,0.5135737600509513,0.6786240269303598,0.8962296195652174,0.6409339294585196,0.7210238068626356,6451,3614,2496,46319,0.947412877393407
bedroom,ds_v2_seed1,ds_v2_seed1/bedroom_v14,0.5340822655198643,0.6962889507608986,0.8647588315217392,0.8221201477078267,0.6038634559407251,9128,1975,5988,41789,0.9326771853828609
bedroom,ds_v2_seed1,ds_v2_seed1/bedroom_v30,0.46110816699051993,0.6311759490610139,0.8445652173913043,0.7155519005847953,0.5645998558038933,7831,3113,6039,41897,0.8912599851639154
blue_bathroom,ds_v2_seed1,ds_v2_seed1/blue_bathroom_v51,0.817255315410297,0.8994391800425449,0.9646739130434783,0.9070697220867869,0.8919359478377601,9302,953,1127,47498,0.9905190424234925
blue_bathroom,ds_v2_seed1,ds_v2_seed1/blue_bathroom_v23,0.7146374829001368,0.8335726823041327,0.9645720108695652,0.8096714197148172,0.8589279842157185,5224,1228,858,51570,0.987720769544261
blue_bathroom,ds_v1_seed0,ds_v1_seed0/blue_bathroom_v42,0.14644755920734653,0.25548060708263065,0.9700067934782609,0.15506653019447286,0.7248803827751196,303,1651,115,56811,0.9795721802851041
blue_bathroom,ds_v1_seed0,ds_v1_seed0/blue_bathroom_v14,0.5794481446241675,0.7337349397590361,0.9474524456521739,0.6748456545828716,0.8038845936262493,4263,2054,1040,51523,0.9745892502985837
blue_bathroom,ds_v1_seed0,ds_v1_seed0/blue_bathroom_v19,0.7394112532604645,0.8501856612396458,0.9643682065217392,0.8083921781640413,0.8965361445783132,5953,1411,687,50829,0.9907990677295706
blue_bathroom,ds_v2_seed1,ds_v2_seed1/blue_bathroom_v36,0.7813251897094207,0.877240376123435,0.959867527173913,0.8657711238720263,0.8890175845003685,8443,1309,1054,48074,0.9891026478708941
blue_bathroom,ds_v2_seed1,ds_v2_seed1/blue_bathroom_v29,0.6942086869695456,0.819507882716959,0.958389945652174,0.8212018307987597,0.8178209086898985,5562,1211,1239,50868,0.981545150043912
blue_bathroom,ds_v1_seed0,ds_v1_seed0/blue_bathroom_v53,0.22275334608030592,0.364347146207975,0.9585767663043478,0.24363889857093063,0.7221074380165289,699,2170,269,55742,0.9722398703533089
blue_bathroom,ds_v1_seed0,ds_v1_seed0/blue_bathroom_v11,0.7033731460821631,0.8258591462474957,0.9616168478260869,0.7417301038062284,0.9315139926994611,5359,1866,394,51261,0.9909046284642321
blue_bathroom,ds_v1_seed0,ds_v1_seed0/blue_bathroom_v50,0.7814711830131446,0.8773323873714083,0.9706351902173913,0.8649972020145495,0.890024470994674,6183,965,764,50968,0.9917914064131822
blue_bathroom,ds_v2_seed1,ds_v2_seed1/blue_bathroom_v10,0.5422610829881884,0.7032027053908892,0.949320652173913,0.5817014974493994,0.8888609504651748,3535,2542,442,52361,0.983468192292374
blue_bathroom,ds_v1_seed0,ds_v1_seed0/blue_bathroom_v32,0.7839423571796191,0.8788875425538052,0.964351222826087,0.8859934853420195,0.8718946765884373,7616,980,1119,49165,0.98998551710058
blue_bathroom,ds_v1_seed0,ds_v1_seed0/blue_bathroom_v09,0.7689356022689356,0.8693765915306988,0.9529551630434783,0.9388877571806885,0.8094485423252546,9218,600,2170,46892,0.9895905859551936
blue_bathroom,ds_v2_seed1,ds_v2_seed1/blue_bathroom_v41,0.8165384258830073,0.8990048481755549,0.9663892663043478,0.9176911856636799,0.8810643192957888,8808,790,1189,48093,0.9920835475731196
blue_bathroom,ds_v1_seed0,ds_v1_seed0/blue_bathroom_v28,0.6920311563810665,0.8179886685552408,0.9650815217391304,0.7247058823529412,0.9388335704125178,4620,1755,301,52204,0.992440963072661
blue_bathroom,ds_v2_seed1,ds_v2_seed1/blue_bathroom_v33,0.14499572284003423,0.25326858423608517,0.9660495923913044,0.18003186404673394,0.4269521410579345,339,1544,455,56542,0.9565901198700337
blue_bathroom,ds_v2_seed1,ds_v2_seed1/blue_bathroom_v09,0.5587534059945504,0.7169234130886049,0.9559952445652173,0.6629622145888058,0.7804471931493815,3281,1668,923,53008,0.979153962441074
blue_bathroom,ds_v2_seed1,ds_v2_seed1/blue_bathroom_v30,0.7399586871700712,0.8505474211845403,0.9615149456521739,0.8779956427015251,0.8247633665899207,6448,896,1370,50166,0.9873837356357065
blue_bathroom,ds_v1_seed0,ds_v1_seed0/blue_bathroom_v18,0.7392199349945828,0.8500591789696631,0.9591202445652174,0.7875115420129271,0.923399648125592,6823,1841,566,49650,0.9892272062734145
blue_bathroom,ds_v1_seed0,ds_v1_seed0/blue_bathroom_v37,0.6932999614940316,0.8188743604320636,0.9458899456521739,0.8170164492342598,0.8207407407407408,7202,1613,1573,48492,0.9814009247247447
blue_bathroom,ds_v1_seed0,ds_v1_seed0/blue_bathroom_v22,0.7303840544482255,0.844187222565601,0.9529042119565218,0.8119325551232166,0.8791105909888823,7512,1740,1033,48595,0.9865140085708957
blue_bathroom,ds_v1_seed0,ds_v1_seed0/blue_bathroom_v03,0.08624708624708624,0.1587982832618026,0.9667119565217391,0.09824747742963356,0.41387024608501116,185,1698,262,56735,0.957928220129052
blue_bathroom,ds_v1_seed0,ds_v1_seed0/blue_bathroom_v29,0.7290805785123967,0.8433159073935773,0.9465523097826087,0.7863509749303621,0.9091787439613527,8469,2301,846,47264,0.9860115609127373
blue_bathroom,ds_v1_seed0,ds_v1_seed0/blue_bathroom_v16,0.7914379802414928,0.883578431372549,0.9709578804347826,0.8317098179953858,0.9423467905896021,6489,1313,397,50681,0.9945190088791385
blue_bathroom,ds_v1_seed0,ds_v1_seed0/blue_bathroom_v47,0.7873920086393088,0.8810512801147949,0.973250679347826,0.8943575590309721,0.8681351391576128,5833,689,886,51472,0.9917390276175012
blue_bathroom,ds_v2_seed1,ds_v2_seed1/blue_bathroom_v48,0.7314978874199264,0.8449307304785895,0.9665421195652174,0.7640945330296127,0.9448943661971831,5367,1657,313,51543,0.9911454334559991
blue_bathroom,ds_v1_seed0,ds_v1_seed0/blue_bathroom_v43,0.7907336704158497,0.8831393338711536,0.9655570652173913,0.9078308257315484,0.8597554134410412,7663,778,1250,49189,0.9911832845243889
blue_bathroom,ds_v1_seed0,ds_v1_seed0/blue_bathroom_v44,0.7209114197114737,0.8378251331870887,0.96484375,0.8685834957764782,0.8091707021791767,5347,809,1261,51463,0.984732953711671
blue_bathroom,ds_v1_seed0,ds_v1_seed0/blue_bathroom_v08,0.7381342062193126,0.8493408662900189,0.9483695652173914,0.8696843600933726,0.8299273607748184,8569,1284,1756,47271,0.9850577805105066
blue_bathroom,ds_v2_seed1,ds_v2_seed1/blue_bathroom_v28,0.4232995658465991,0.5948144382308084,0.9593919836956522,0.4278400780107265,0.9755419677598666,1755,2347,44,54734,0.9918492994347314
blue_bathroom,ds_v2_seed1,ds_v2_seed1/blue_bathroom_v07,0.7221760797342193,0.8386785628164939,0.9545516304347826,0.7603016723139141,0.9350719182685845,6956,2193,483,49248,0.9898857133931875
blue_bathroom,ds_v2_seed1,ds_v2_seed1/blue_bathroom_v20,0.7432996867386008,0.8527503244484376,0.9498980978260869,0.8292398796233376,0.8776327956436865,8542,1759,1191,47388,0.9856519613907414
blue_bathroom,ds_v2_seed1,ds_v2_seed1/blue_bathroom_v53,0.7428291247854867,0.8524405682937122,0.9643682065217392,0.8366698881678862,0.8688172043010752,6060,1183,915,50722,0.9885315252327194
blue_bathroom,ds_v2_seed1,ds_v2_seed1/blue_bathroom_v25,0.6658892128279883,0.7994399719985998,0.9513417119565217,0.6890310124291058,0.9519839946648883,5710,2577,288,50305,0.990221246548668
blue_bathroom,ds_v2_seed1,ds_v2_seed1/blue_bathroom_v56,0.7409614219349626,0.851209466906433,0.956436820652174,0.852742910274291,0.8496815286624204,7337,1267,1298,48978,0.9863675102593701
computer_room,ds_v1_seed0,ds_v1_seed0/computer_room_v17,0.7583554149927344,0.8625735258373438,0.9039741847826087,0.9060920185875504,0.8230437404332297,17744,1839,3815,35482,0.9716454704340383
computer_room,ds_v1_seed0,ds_v1_seed0/computer_room_v40,0.6973852411388728,0.8217171025605915,0.9115489130434783,0.7224897664339032,0.9525396825396826,12002,4610,598,41670,0.9782396249194002
computer_room,ds_v2_seed1,ds_v2_seed1/computer_room_v29,0.5807349665924276,0.7347657625924621,0.8849014945652174,0.6060821280991735,0.9328232137533539,9387,6101,676,42716,0.9696703727982054
computer_room,ds_v2_seed1,ds_v2_seed1/computer_room_v43,0.730018387387035,0.8439429230456118,0.8827955163043478,0.945911694631723,0.7618192210337226,18660,1067,5834,33319,0.9673905108992468
computer_room,ds_v1_seed0,ds_v1_seed0/computer_room_v43,0.770620015436069,0.870452167848425,0.9242866847826087,0.8560731637610746,0.8853224567003606,14977,2518,1940,39445,0.9793943445487198
computer_room,ds_v2_seed1,ds_v2_seed1/computer_room_v39,0.75134548201303,0.8580208642208266,0.910546875,0.7780113414157216,0.956372814133766,15915,4541,726,37698,0.9800114127032886
computer_room,ds_v1_seed0,ds_v1_seed0/computer_room_v59,0.7905603204766062,0.8830312069756769,0.9307404891304348,0.8718282736746715,0.8945258019525802,15393,2263,1815,39409,0.9814770396976356
computer_room,ds_v2_seed1,ds_v2_seed1/computer_room_v07,0.6830239412585967,0.8116627749784934,0.895889945652174,0.7088655146506386,0.9493316084519189,13209,5425,705,39541,0.9739877033631295
computer_room,ds_v2_seed1,ds_v2_seed1/computer_room_v00,0.7539704147381795,0.8597299115227401,0.9079144021739131,0.8639767054908486,0.8555246627535784,16616,2616,2806,36842,0.971805999691453
computer_room,ds_v2_seed1,ds_v2_seed1/computer_room_v36,0.6189767749400777,0.7646518276495814,0.9217051630434783,0.6745023867423219,0.8826163818503241,7489,3614,996,46781,0.9734281778545835
computer_room,ds_v1_seed0,ds_v1_seed0/computer_room_v04,0.6929846306395637,0.8186543670839739,0.8317255434782609,0.983681548273587,0.7010438544246261,22364,371,9537,26608,0.9669593526924328
computer_room,ds_v2_seed1,ds_v2_seed1/computer_room_v40,0.7200780127283926,0.8372620397445844,0.9073709239130435,0.7713877281724214,0.9154378180869112,14030,4158,1296,39396,0.9749749083384099
computer_room,ds_v2_seed1,ds_v2_seed1/computer_room_v16,0.7676418160847227,0.8685490568276188,0.8870923913043478,0.9200703782832725,0.8224918548477699,21963,1908,4740,30269,0.9661632047173592
computer_room,ds_v2_seed1,ds_v2_seed1/computer_room_v56,0.7037742469049171,0.8261355613085432,0.8996263586956522,0.7671419985794679,0.894958251003888,14041,4262,1648,38929,0.9690135740092487
computer_room,ds_v1_seed0,ds_v1_seed0/computer_room_v42,0.7462927468980127,0.8547166541505402,0.9145720108695652,0.8631431571578579,0.8464530892448513,14796,2346,2684,39054,0.9741090507854387
computer_room,ds_v2_seed1,ds_v2_seed1/computer_room_v06,0.7047034180710273,0.8267753916613142,0.8946501358695652,0.7400389941508774,0.9365430849044667,14803,5200,1003,37874,0.9726263289038833
computer_room,ds_v2_seed1,ds_v2_seed1/computer_room_v63,0.799837205860589,0.8887883895900999,0.9081182065217391,0.8915006804404305,0.8860925523629954,21618,2631,2779,31852,0.9723596173667626
computer_room,ds_v1_seed0,ds_v1_seed0/computer_room_v12,0.7776555769407021,0.8749226644669004,0.9175951086956522,0.8278048780487804,0.9277279685108244,16970,3530,1322,37058,0.9788318475462958
computer_room,ds_v2_seed1,ds_v2_seed1/computer_room_v24,0.7202472952086554,0.8373764600179694,0.85859375,0.9692530294809187,0.7370882332714394,21436,680,7646,29118,0.9656317972092021
computer_room,ds_v2_seed1,ds_v2_seed1/computer_room_v48,0.7225251780889217,0.8389139239062232,0.9040760869565218,0.7891714960291908,0.8953488372093024,14707,3929,1719,38525,0.9697032156637507
computer_room,ds_v1_seed0,ds_v1_seed0/computer_room_v29,0.631019656019656,0.7737732083003803,0.8979789402173913,0.6377576359572883,0.9835327908089995,10273,5835,172,42600,0.9850043805284436
computer_room,ds_v1_seed0,ds_v1_seed0/computer_room_v64,0.7465605416696679,0.8548922569337045,0.8804857336956522,0.9239169192369406,0.7954641390690357,20729,1707,5330,31114,0.9637052515233508
computer_room,ds_v1_seed0,ds_v1_seed0/computer_room_v26,0.6458972784939636,0.7848573382234102,0.8824388586956522,0.6891169086344285,0.9114929252093561,12626,5696,1226,39332,0.963969566560452
computer_room,ds_v2_seed1,ds_v2_seed1/computer_room_v22,0.7898886247027906,0.8826120394322869,0.914453125,0.8596331941165789,0.9068531200612997,18936,3092,1945,34907,0.9759566805273064
computer_room,ds_v1_seed0,ds_v1_seed0/computer_room_v58,0.6260211967321705,0.7700037342567132,0.8849354619565217,0.6429138321995465,0.9597190488279597,11341,6299,476,40764,0.9706418723739724
computer_room,ds_v2_seed1,ds_v2_seed1/computer_room_v25,0.6091688408497951,0.7571223421503683,0.9109544836956521,0.6724265613428783,0.8662285350858596,8172,3981,1262,45465,0.9690038051116654
computer_room,ds_v1_seed0,ds_v1_seed0/computer_room_v53,0.7038323683484974,0.8261756043884916,0.9087805706521739,0.7604408698242479,0.9043502904917103,12764,4021,1350,40745,0.9715630864359389
computer_room,ds_v2_seed1,ds_v2_seed1/computer_room_v10,0.777823608819559,0.8750290017084642,0.8993716032608695,0.9244997102999509,0.8305838071594458,20743,1694,4231,32212,0.9709351237940086
computer_room,ds_v1_seed0,ds_v1_seed0/computer_room_v50,0.5765182186234817,0.731381612737545,0.9022927989130435,0.6220810166799047,0.8872776707828254,7832,4758,995,45295,0.9666595597405846
computer_room,ds_v1_seed0,ds_v1_seed0/computer_room_v25,0.6509738079247818,0.7885937436439816,0.9117357336956522,0.6660482374768089,0.9664007976071785,9693,4860,337,43990,0.9829299930301215
computer_room,ds_v1_seed0,ds_v1_seed0/computer_room_v62,0.5628024262250392,0.7202476996206011,0.8910495923913043,0.5678333218730661,0.9845016690510253,8258,6285,130,44207,0.9793908413315975
computer_room,ds_v1_seed0,ds_v1_seed0/computer_room_v08,0.7999768670239427,0.8888746090905196,0.9118885869565218,0.8838011670997146,0.8940066353569736,20749,2728,2460,32943,0.97549512054368
computer_room,ds_v2_seed1,ds_v2_seed1/computer_room_v55,0.8026083186017812,0.8904966323736215,0.8994904891304348,0.9505056091009638,0.8376148705096074,24063,1253,4665,28899,0.9774133327601676
computer_room,ds_v1_seed0,ds_v1_seed0/computer_room_v48,0.6904204971984986,0.8168624296057925,0.9033457880434783,0.7335568142411282,0.9215131053510491,12692,4610,1081,40497,0.9736895487973286
computer_room,ds_v2_seed1,ds_v2_seed1/computer_room_v02,0.599966566365764,0.749973879427437,0.9187160326086956,0.6576271186440678,0.8724930108180382,7178,3737,1049,46916,0.9717564360035306
computer_room,ds_v1_seed0,ds_v1_seed0/computer_room_v28,0.658665449090079,0.7942113335168508,0.9111243206521739,0.7026650894161853,0.9131850244167119,10098,4273,960,43549,0.9744256125266604
computer_room,ds_v2_seed1,ds_v2_seed1/computer_room_v49,0.7614456135411901,0.8645689741284587,0.884867527173913,0.923122866894198,0.8130001878639864,21638,1802,4977,30463,0.9668902874027866
computer_room,ds_v2_seed1,ds_v2_seed1/computer_room_v08,0.737134006195663,0.8486783444070527,0.910648777173913,0.7928310404127257,0.9129896652020546,14753,3855,1406,38866,0.9751261464034379
computer_room,ds_v1_seed0,ds_v1_seed0/computer_room_v16,0.770725126475548,0.8705192183154928,0.8845448369565218,0.9670757511637749,0.7914934885009698,22852,778,6020,29230,0.9775846349535385
computer_room,ds_v2_seed1,ds_v2_seed1/computer_room_v46,0.7117065257208646,0.8315754073802317,0.9064368206521739,0.7785665216395695,0.8923298996128863,13600,3868,1641,39771,0.9717383889564885
green_house,ds_v2_seed1,ds_v2_seed1/green_house_v56,0.2668706242278049,0.4213068313750987,0.7883661684782609,0.26776859504132233,0.9875898105813194,4536,12404,57,41883,0.9666223605323219
green_house,ds_v2_seed1,ds_v2_seed1/green_house_v33,0.439246627640621,0.610384098465021,0.8129076086956522,0.44081736909323116,0.991953098057248,8629,10946,70,39235,0.9728283991305423
green_house,ds_v1_seed0,ds_v1_seed0/green_house_v38,0.4652937162707028,0.6350859368385404,0.8536005434782609,0.46642208680512376,0.9948275862068966,7501,8581,39,42759,0.98572779224993
green_house,ds_v2_seed1,ds_v2_seed1/green_house_v52,0.3585724981282755,0.5278665637973474,0.781742527173913,0.35950557974278136,0.9928137092316197,7184,12799,52,38845,0.9745343102215409
green_house,ds_v2_seed1,ds_v2_seed1/green_house_v11,0.5147561207060163,0.6796554424432262,0.8263077445652174,0.5238532110091743,0.9673651359786001,10849,9861,366,37804,0.9604177169210045
green_house,ds_v1_seed0,ds_v1_seed0/green_house_v61,0.42684220378111937,0.5983033059296834,0.8439877717391304,0.42705537174605157,0.9988319462695284,6841,9178,8,42853,0.9800952052689121
green_house,ds_v1_seed0,ds_v1_seed0/green_house_v37,0.4216179601316044,0.5931522700973385,0.796976902173913,0.4238326848249027,0.9877578780321923,8714,11846,108,38212,0.9661631874515927
green_house,ds_v2_seed1,ds_v2_seed1/green_house_v04,0.4935470316345519,0.660905912141795,0.8567085597826087,0.49954432225530104,0.9762526715744478,8222,8237,200,42221,0.972065611838118
green_house,ds_v1_seed0,ds_v1_seed0/green_house_v62,0.4472754127762832,0.6180930164747047,0.8220448369565218,0.44909957627118646,0.9910004675081814,8479,10401,77,39923,0.9754929420143816
green_house,ds_v1_seed0,ds_v1_seed0/green_house_v56,0.4417263861199418,0.6127742273050043,0.8240319293478261,0.44467346495986115,0.9852181228217762,8198,10238,123,40321,0.9704001357123954
green_house,ds_v1_seed0,ds_v1_seed0/green_house_v36,0.3639060568603214,0.5336233460213884,0.7815047554347826,0.3658960974397216,0.9852744310575636,7360,12755,110,38655,0.9664634131416413
green_house,ds_v1_seed0,ds_v1_seed0/green_house_v06,0.5097771023302938,0.6753011441801161,0.8356487771739131,0.52023988005997,0.9620458891013385,10063,9280,397,39140,0.9648315300789855
green_house,ds_v2_seed1,ds_v2_seed1/green_house_v63,0.357475502085961,0.5266769109816675,0.7750509510869565,0.3586237103367724,0.9911230665770007,7369,13179,66,38266,0.9742874216906781
green_house,ds_v2_seed1,ds_v2_seed1/green_house_v08,0.4953343701399689,0.6625065002600103,0.8346637228260869,0.4987472596304416,0.9863734902446578,9555,9603,132,39590,0.9729078823907765
green_house,ds_v2_seed1,ds_v2_seed1/green_house_v13,0.4927448912988904,0.6601863374928526,0.8284137228260869,0.4961828201627989,0.9861334405144695,9814,9965,138,38963,0.9716723332821612
green_house,ds_v1_seed0,ds_v1_seed0/green_house_v20,0.37766066311911584,0.5482636954503249,0.7934273097826087,0.3790765754198552,0.9902066004829622,7381,12090,73,39336,0.9649444215346444
green_house,ds_v2_seed1,ds_v2_seed1/green_house_v41,0.43645712068296466,0.6076855541298035,0.8026834239130435,0.43954862976894143,0.9841408727988625,8998,11473,145,38264,0.9692436959740401
green_house,ds_v2_seed1,ds_v2_seed1/green_house_v45,0.3920160682902335,0.5632349758314696,0.7943614130434783,0.3961536509869589,0.9740486587648159,7807,11900,208,38965,0.9581469768267855
green_house,ds_v2_seed1,ds_v2_seed1/green_house_v59,0.3071421376045129,0.46994451294697903,0.7663722826086956,0.3232441028359396,0.8604487089036263,6098,12767,989,39026,0.8828325912473902
green_house,ds_v2_seed1,ds_v2_seed1/green_house_v27,0.39489811170345274,0.5662035218059078,0.7937330163043478,0.3971140838719375,0.986066185618313,7926,12033,112,38809,0.9655867607993458
green_house,ds_v2_seed1,ds_v2_seed1/green_house_v55,0.4874095972126907,0.6553804656445201,0.8350883152173914,0.48903601694915255,0.9932228915662651,9233,9647,63,39937,0.98111173083983
green_house,ds_v1_seed0,ds_v1_seed0/green_house_v00,0.4213197969543147,0.5928571428571429,0.7908967391304348,0.4227903028016225,0.9918123478645718,8964,12238,74,37604,0.9680685888851568
green_house,ds_v1_seed0,ds_v1_seed0/green_house_v52,0.46948706489895226,0.6389808745015881,0.8185461956521739,0.47422008225499046,0.9791839270919636,9455,10483,201,38741,0.9716321039063128
green_house,ds_v2_seed1,ds_v2_seed1/green_house_v36,0.5076656894314413,0.6734459674848583,0.8260190217391304,0.5150170648464164,0.9726519337016575,10563,9947,297,38073,0.9615686843572698
green_house,ds_v1_seed0,ds_v1_seed0/green_house_v10,0.3734377210772061,0.5438000068678961,0.7743716032608695,0.3760091176749929,0.9820166191243954,7918,13140,145,37677,0.9628396227398006
green_house,ds_v2_seed1,ds_v2_seed1/green_house_v37,0.4903431464466529,0.6580271766482134,0.8153532608695652,0.4981426802552624,0.9690568834537706,10460,10538,334,37548,0.9615290284482042
green_house,ds_v2_seed1,ds_v2_seed1/green_house_v40,0.4487611787127987,0.6195102206031168,0.8084239130434783,0.4513196048557527,0.9875255403806861,9183,11164,116,38417,0.9703398000353186
green_house,ds_v2_seed1,ds_v2_seed1/green_house_v09,0.3420398640766851,0.5097313026718567,0.7796705163043478,0.34413430627136804,0.9825174825174825,6744,12853,120,39163,0.9656531922511381
green_house,ds_v2_seed1,ds_v2_seed1/green_house_v28,0.4776896223421136,0.64653580172673,0.8602411684782608,0.4782967905942167,0.9973495891863239,7526,8209,20,43125,0.985483844178066
green_house,ds_v2_seed1,ds_v2_seed1/green_house_v24,0.43648440931049626,0.6077120036687431,0.8256623641304348,0.4377580796123988,0.9933783108445777,7951,10212,53,40664,0.9763619043041574
green_house,ds_v2_seed1,ds_v2_seed1/green_house_v46,0.4963220269718022,0.6633893213164005,0.8325407608695652,0.5036023428186389,0.9716971697169717,9716,9577,283,39304,0.9659464135894165
green_house,ds_v1_seed0,ds_v1_seed0/green_house_v30,0.5343955875593688,0.6965551672491264,0.8451596467391305,0.5451987703850362,0.9642462218945816,10464,8729,388,39299,0.9640312841912988
green_house,ds_v1_seed0,ds_v1_seed0/green_house_v16,0.502365231102789,0.6687657843812523,0.8284816576086956,0.5143275148824539,0.9557513827692885,10195,9627,472,38586,0.9577893884301275
green_house,ds_v1_seed0,ds_v1_seed0/green_house_v09,0.4776056486458004,0.6464588831039155,0.8316236413043478,0.48028825773632894,0.9884405670665213,9064,9808,106,39902,0.9740954844532311
green_house,ds_v2_seed1,ds_v2_seed1/green_house_v51,0.3489368059359594,0.5173508564678087,0.7779551630434782,0.3501574134226176,0.990108803165183,7007,13004,70,38799,0.9713614253841436
green_house,ds_v2_seed1,ds_v2_seed1/green_house_v42,0.4115329346868771,0.5831007191882039,0.7843919836956522,0.41544220870379034,0.9776456337407774,8878,12492,203,37307,0.9616231128665923
green_house,ds_v2_seed1,ds_v2_seed1/green_house_v30,0.49890899756128865,0.6656961808528857,0.8673913043478261,0.5003217917363882,0.9943719621386544,7774,7764,44,43298,0.9845511572120667
green_house,ds_v1_seed0,ds_v1_seed0/green_house_v44,0.36493804019577214,0.5347320236505817,0.7928498641304348,0.3671363469697763,0.98385738349242,7009,12082,115,39674,0.9643063379415326
green_house,ds_v2_seed1,ds_v2_seed1/green_house_v07,0.4624695934205954,0.6324501999920795,0.8423743206521739,0.4643791799941844,0.9911866931479643,7985,9210,71,41614,0.9781033505759541
gym,ds_v2_seed1,ds_v2_seed1/gym_v06,0.5763612217795485,0.7312552653748946,0.7995414402173913,0.58233907524932,0.982501223690651,16058,11517,286,31019,0.9649723981176844
gym,ds_v2_seed1,ds_v2_seed1/gym_v26,0.5830509683632343,0.7366167988464312,0.8014605978260869,0.5926046764545949,0.9730936365259837,16347,11238,452,30843,0.9624534542846078
gym,ds_v2_seed1,ds_v2_seed1/gym_v51,0.6661622152235265,0.7996366849960723,0.8613790760869565,0.6802973977695167,0.9697529026495981,16287,7654,508,34431,0.9730087908467754
gym,ds_v2_seed1,ds_v2_seed1/gym_v01,0.6607187916801845,0.7957021923160408,0.8401494565217391,0.6784246955620535,0.9620007347924211,18329,8688,724,31139,0.9654481489261504
gym,ds_v2_seed1,ds_v2_seed1/gym_v17,0.6896148531339688,0.8162982846118357,0.8512228260869565,0.7105878057685286,0.958957430035475,19463,7927,833,30657,0.9644859266813426
gym,ds_v2_seed1,ds_v2_seed1/gym_v00,0.6601991420362864,0.795325241797838,0.8533627717391304,0.6748330517338482,0.9681980838046866,16775,8083,551,33471,0.9703312678410507
gym,ds_v2_seed1,ds_v2_seed1/gym_v04,0.4076140808344198,0.5791560149679523,0.8070822010869565,0.4093432491882267,0.9897429403570976,7816,11278,81,39705,0.9751268670077466
gym,ds_v2_seed1,ds_v2_seed1/gym_v54,0.5638942341957095,0.7211411384040469,0.7921535326086957,0.5701315078364259,0.9809683218647325,15824,11931,307,30818,0.9664374390849334
gym,ds_v2_seed1,ds_v2_seed1/gym_v35,0.5342590673575129,0.6964391851731777,0.8091711956521739,0.5391533506232745,0.9832926457125419,12889,11017,219,34755,0.9669722647266462
gym,ds_v2_seed1,ds_v2_seed1/gym_v25,0.5680642817455229,0.7245420846053205,0.8283627717391304,0.5758166536695261,0.9768484492135823,13291,9791,315,35483,0.970702436191502
gym,ds_v1_seed0,ds_v1_seed0/gym_v49,0.589518555667001,0.7417573749802808,0.8053838315217391,0.5988719068413392,0.9741904931036524,16457,11023,436,30964,0.964064396521038
gym,ds_v1_seed0,ds_v1_seed0/gym_v27,0.5301980401000451,0.6929796355841371,0.8054008152173913,0.5336111913506376,0.9880797738213495,12931,11302,156,34491,0.9714084300044817
gym,ds_v2_seed1,ds_v2_seed1/gym_v24,0.5471758536487731,0.7073221216041398,0.8078804347826087,0.557463295269168,0.9673743807501769,13669,10851,461,33899,0.9553029387926161
gym,ds_v1_seed0,ds_v1_seed0/gym_v01,0.6009431286342363,0.7507363851792794,0.8088485054347826,0.6074910394265233,0.9823798759636005,16949,10951,304,30676,0.9689381244518073
gym,ds_v1_seed0,ds_v1_seed0/gym_v55,0.5236036457116149,0.6873226474422884,0.7922724184782609,0.5306517191015672,0.9752611723737666,13443,11890,341,33206,0.964826603613201
gym,ds_v2_seed1,ds_v2_seed1/gym_v55,0.39334419761557593,0.5646044936903662,0.7597486413043478,0.39578838353327006,0.9845427221983684,9172,14002,144,35562,0.9579763576168647
gym,ds_v2_seed1,ds_v2_seed1/gym_v09,0.5231841993487186,0.6869611693351614,0.7712126358695652,0.528383498963323,0.9815392788365761,14781,13193,278,30628,0.9623157479063292
gym,ds_v1_seed0,ds_v1_seed0/gym_v59,0.5004281786631811,0.6670471613097028,0.8117527173913044,0.5037201705834317,0.9871088193456614,11103,10939,145,36693,0.9693697533687622
gym,ds_v2_seed1,ds_v2_seed1/gym_v40,0.6668731609106396,0.8001486574375174,0.8538722826086956,0.6788050760621108,0.9743183618056341,17224,8150,454,33052,0.9731540013630126
gym,ds_v2_seed1,ds_v2_seed1/gym_v05,0.5693342531907555,0.7255742389273546,0.8303668478260869,0.573712796002607,0.986772289066587,13204,9811,177,35688,0.9771754744672804
gym,ds_v2_seed1,ds_v2_seed1/gym_v33,0.5708785972936916,0.7268271377268757,0.8087975543478261,0.5752419726532494,0.9868871903004744,14977,11059,199,32645,0.9711286957722778
gym,ds_v1_seed0,ds_v1_seed0/gym_v22,0.40157733045990185,0.5730362809565872,0.7783457880434783,0.4024261361025594,0.9947751022262608,8758,13005,46,37071,0.9661913630037454
gym,ds_v2_seed1,ds_v2_seed1/gym_v49,0.5691395088074656,0.7254160711815961,0.7976902173913043,0.582605154028436,0.9609747160131916,15735,11273,639,31233,0.9533834691935602
gym,ds_v1_seed0,ds_v1_seed0/gym_v04,0.49274551340980854,0.6601868958684768,0.7844599184782609,0.5013216217315278,0.9664471621197868,12328,12263,428,33861,0.9514824546951148
gym,ds_v1_seed0,ds_v1_seed0/gym_v00,0.6618957495465657,0.7965550784122992,0.8543648097826086,0.6762679772791362,0.968890684520374,16787,8036,539,33518,0.9703530418281507
gym,ds_v1_seed0,ds_v1_seed0/gym_v20,0.5849926793557834,0.7381645189598632,0.8074388586956521,0.5946126943969046,0.9730881636629323,15982,10896,442,31560,0.9613985063450923
gym,ds_v1_seed0,ds_v1_seed0/gym_v30,0.410834154813876,0.5823989352853103,0.7868376358695652,0.41183944284974827,0.9940935938209905,8752,12499,52,37577,0.9708421538652434
gym,ds_v1_seed0,ds_v1_seed0/gym_v42,0.6519435360351037,0.7893048664361249,0.8572010869565218,0.6640944549862956,0.9727008832067198,15749,7966,442,34723,0.9742815963281819
gym,ds_v1_seed0,ds_v1_seed0/gym_v31,0.49473575201077014,0.6619708551765547,0.7514096467391305,0.5006987143655673,0.9764938338897595,14332,14292,345,29911,0.9539030219906338
gym,ds_v1_seed0,ds_v1_seed0/gym_v03,0.5101425153438053,0.6756216849211271,0.7600713315217391,0.515306479859895,0.9807346176921539,14712,13838,289,30041,0.9549706918890747
gym,ds_v1_seed0,ds_v1_seed0/gym_v63,0.5821026187576127,0.7358594971731024,0.8135360054347827,0.5869732094879865,0.9859454580620205,15293,10761,218,32608,0.9734328691578754
gym,ds_v2_seed1,ds_v2_seed1/gym_v63,0.42680795686930656,0.5982696617501433,0.738179347826087,0.4291214953271028,0.9875258086717137,11479,15271,145,31985,0.9575619249738812
gym,ds_v2_seed1,ds_v2_seed1/gym_v13,0.5159022292071632,0.6806536981966006,0.8012058423913043,0.5178727114210985,0.9926786566926628,12474,11613,92,34701,0.9741983701879958
gym,ds_v2_seed1,ds_v2_seed1/gym_v37,0.5164209115281502,0.6811049723756907,0.8039402173913044,0.5209380942319881,0.9834862385321101,12328,11337,207,35008,0.9671761686761371
gym,ds_v1_seed0,ds_v1_seed0/gym_v50,0.5171131854366185,0.6817067973577668,0.7970448369565217,0.5196540242020629,0.9906332249574238,12797,11829,121,34133,0.9730937428880562
gym,ds_v2_seed1,ds_v2_seed1/gym_v58,0.41307821059038347,0.5846501736344792,0.7379585597826087,0.415973951350316,0.9834269154138743,10859,15246,183,32592,0.9533002036116293
gym,ds_v1_seed0,ds_v1_seed0/gym_v07,0.4477040816326531,0.6185022026431718,0.735258152173913,0.45008014247551204,0.9883457176378568,12636,15439,149,30656,0.9562368292549144
gym,ds_v1_seed0,ds_v1_seed0/gym_v39,0.6436219543040216,0.7831751731213132,0.8564198369565217,0.6559546313799622,0.9716176657757414,15268,8008,446,35158,0.9737095660924759
gym,ds_v1_seed0,ds_v1_seed0/gym_v09,0.6350586171146024,0.7768022631938347,0.8445652173913043,0.645666099083759,0.9747827151426123,15926,8740,412,33802,0.9731783779277174
gym,ds_v2_seed1,ds_v2_seed1/gym_v41,0.6410325876615837,0.781255159076437,0.8424762228260869,0.6623345463270285,0.9522249051397034,16563,8444,831,33042,0.9630754203763219
living_room_contemp,ds_v2_seed1,ds_v2_seed1/living_room_contemp_v02,0.5043867502238137,0.6705546298500357,0.8589673913043478,0.5155563689604685,0.9588155207624234,8451,7941,363,42125,0.9670686577085618
living_room_contemp,ds_v2_seed1,ds_v2_seed1/living_room_contemp_v51,0.5708350862431637,0.7267918717150413,0.8613960597826087,0.5885063702900515,0.9500262559075792,10855,7590,571,39864,0.9686439577134298
living_room_contemp,ds_v1_seed0,ds_v1_seed0/living_room_contemp_v64,0.7070850435383021,0.8284122061929801,0.8703125,0.7717718975046056,0.894024638665244,18433,5451,2185,32811,0.9518939687852154
living_room_contemp,ds_v2_seed1,ds_v2_seed1/living_room_contemp_v06,0.582406185178201,0.7361020079842697,0.8495584239130435,0.5930584225433249,0.9700824499411071,12354,8477,381,37668,0.9726266544367346
living_room_contemp,ds_v1_seed0,ds_v1_seed0/living_room_contemp_v01,0.7090152674751756,0.8297354400146978,0.8740828804347827,0.7556996444258524,0.919853353022048,18065,5840,1574,33401,0.9612538343553058
living_room_contemp,ds_v1_seed0,ds_v1_seed0/living_room_contemp_v40,0.3860312841033103,0.5570311269749619,0.8566745923913044,0.3901183736489964,0.9735779816513761,5306,8295,144,45135,0.9731471787660095
living_room_contemp,ds_v2_seed1,ds_v2_seed1/living_room_contemp_v57,0.6569580711865898,0.7929688537213563,0.867578125,0.6803043418834571,0.950356415478615,14932,7017,780,36151,0.9693976312022162
living_room_contemp,ds_v1_seed0,ds_v1_seed0/living_room_contemp_v41,0.5515745344642683,0.710986835904364,0.8437669836956522,0.5604259534422982,0.9721625569206976,11315,8875,324,38366,0.9741886300586512
living_room_contemp,ds_v1_seed0,ds_v1_seed0/living_room_contemp_v62,0.2989036805011746,0.46023994694640374,0.8479449728260869,0.3006695549428909,0.9807297019527236,3817,8878,75,46110,0.9763487848904491
living_room_contemp,ds_v2_seed1,ds_v2_seed1/living_room_contemp_v56,0.7338121295029639,0.846472483397988,0.8810292119565217,0.7773215795193817,0.9291281755196305,19311,5532,1473,32564,0.962500359187389
living_room_contemp,ds_v2_seed1,ds_v2_seed1/living_room_contemp_v61,0.6926585419251259,0.8184267822113002,0.8569463315217392,0.7603540815509092,0.8861037203006115,18983,5983,2440,31474,0.9417683930781575
living_room_contemp,ds_v2_seed1,ds_v2_seed1/living_room_contemp_v41,0.6211665951256736,0.7663204966020416,0.8650985054347826,0.6430969780762393,0.9479583666933546,13024,7228,715,37913,0.9669029229437308
living_room_contemp,ds_v1_seed0,ds_v1_seed0/living_room_contemp_v47,0.21664201183431953,0.35613107179767767,0.8201256793478261,0.21815879636526142,0.968905061197486,2929,10497,94,45360,0.9538461805416816
living_room_contemp,ds_v2_seed1,ds_v2_seed1/living_room_contemp_v33,0.5245271253377676,0.688117799440998,0.8445991847826086,0.5344133841592545,0.965933014354067,10094,8794,356,39636,0.9709373445815842
living_room_contemp,ds_v2_seed1,ds_v2_seed1/living_room_contemp_v42,0.5951040644528224,0.746163310237648,0.8668478260869565,0.6120465289212301,0.9555518699726345,11523,7304,536,39517,0.9716146765067055
living_room_contemp,ds_v2_seed1,ds_v2_seed1/living_room_contemp_v35,0.4064662569894259,0.5779964573902775,0.8179177989130435,0.41312176457348637,0.9618760644569632,7342,10430,291,40817,0.9561007442036127
living_room_contemp,ds_v1_seed0,ds_v1_seed0/living_room_contemp_v21,0.392138124362895,0.5633609445791954,0.8379585597826087,0.3961511231254425,0.9748178650617675,6155,9382,159,43184,0.9704114161214782
living_room_contemp,ds_v1_seed0,ds_v1_seed0/living_room_contemp_v17,0.7134090324477272,0.8327363973663328,0.8675441576086956,0.7987328231712334,0.8697638994668697,19414,4892,2907,31667,0.9442919930392706
living_room_contemp,ds_v1_seed0,ds_v1_seed0/living_room_contemp_v36,0.6913619841778919,0.8175210163706466,0.8529042119565218,0.7825508228460794,0.8557628688633055,19401,5391,3270,30818,0.9331837313576274
living_room_contemp,ds_v1_seed0,ds_v1_seed0/living_room_contemp_v15,0.49351719591253707,0.6608791613021886,0.8434273097826087,0.5043512436134973,0.9582888841476425,8983,8828,391,40678,0.9683806690710147
living_room_contemp,ds_v1_seed0,ds_v1_seed0/living_room_contemp_v28,0.4928667235702963,0.6602956791636037,0.8587296195652174,0.5022365805168986,0.9635280095351609,8084,8012,306,42478,0.9736001370124626
living_room_contemp,ds_v1_seed0,ds_v1_seed0/living_room_contemp_v65,0.46473528880322834,0.6345655660183396,0.8490658967391305,0.47378116173400464,0.9605377816506909,7716,8570,317,42277,0.9672815895958857
living_room_contemp,ds_v2_seed1,ds_v2_seed1/living_room_contemp_v17,0.7126930349826662,0.8322484186313973,0.8761379076086957,0.7619508907888641,0.9168355969997973,18091,5652,1641,33496,0.9590553916244924
living_room_contemp,ds_v2_seed1,ds_v2_seed1/living_room_contemp_v22,0.6192078577599928,0.7648281285104471,0.8577785326086956,0.6390257637617908,0.9523043569480383,13617,7692,682,36889,0.9686436656640532
living_room_contemp,ds_v1_seed0,ds_v1_seed0/living_room_contemp_v08,0.37990400667779634,0.5506238185255198,0.7981317934782609,0.38773228262605824,0.9495370974051376,7282,11499,387,39712,0.9384920144518334
living_room_contemp,ds_v1_seed0,ds_v1_seed0/living_room_contemp_v35,0.547057080782145,0.7072228782994479,0.8442085597826087,0.5604512343180899,0.9581423506010551,11079,8689,484,38628,0.9684577425609517
living_room_contemp,ds_v1_seed0,ds_v1_seed0/living_room_contemp_v30,0.24499649560003114,0.39356977544254707,0.835343070652174,0.24910919312693008,0.9368671828469327,3146,9483,212,46039,0.9476642459645388
living_room_contemp,ds_v1_seed0,ds_v1_seed0/living_room_contemp_v19,0.6386339569361101,0.7794711616134418,0.8609035326086957,0.6830902826938506,0.9075177127092607,14474,6715,1475,36216,0.9526933954896375
living_room_contemp,ds_v2_seed1,ds_v2_seed1/living_room_contemp_v60,0.7239673892044357,0.8398852481061456,0.8786684782608696,0.7735210337282747,0.9187055650894828,18737,5486,1658,32999,0.9602974793368201
living_room_contemp,ds_v2_seed1,ds_v2_seed1/living_room_contemp_v26,0.7404146028251697,0.8508485295667756,0.8798403532608695,0.7868673477345395,0.926155399513516,20180,5466,1609,31625,0.9619646690261756
living_room_contemp,ds_v1_seed0,ds_v1_seed0/living_room_contemp_v50,0.4955119680851064,0.6626653328887406,0.8453634510869565,0.5053970048036168,0.962026678141136,8943,8752,353,40832,0.9683607979838036
living_room_contemp,ds_v1_seed0,ds_v1_seed0/living_room_contemp_v10,0.7107680486186302,0.8309344439680693,0.8593580163043478,0.7968517503328374,0.8680629612250992,20350,5188,3093,30249,0.9401193211059914
living_room_contemp,ds_v1_seed0,ds_v1_seed0/living_room_contemp_v54,0.7037143887486477,0.8260943188553045,0.8604619565217392,0.7568846482041734,0.9092349268474513,19514,6268,1948,31150,0.9495394947525028
living_room_contemp,ds_v1_seed0,ds_v1_seed0/living_room_contemp_v12,0.5418869053555401,0.7028880049157531,0.8439707880434782,0.5527185799298103,0.9650976909413854,10867,8794,393,38826,0.9700702973063097
living_room_contemp,ds_v1_seed0,ds_v1_seed0/living_room_contemp_v16,0.2711950681522538,0.4266773447232603,0.781148097826087,0.28008177570093457,0.8952576549663929,4795,12325,561,41199,0.9145222971035754
living_room_contemp,ds_v2_seed1,ds_v2_seed1/living_room_contemp_v13,0.46691239013325775,0.6365920599945881,0.840336277173913,0.47631167929658125,0.9594500116522955,8234,9053,348,41245,0.9651313362293149
living_room_contemp,ds_v1_seed0,ds_v1_seed0/living_room_contemp_v03,0.5539730494413274,0.7129763925320166,0.8420346467391304,0.5717113728595467,0.9469628658086728,11552,8654,647,38027,0.9601023726064974
living_room_contemp,ds_v2_seed1,ds_v2_seed1/living_room_contemp_v55,0.24640204271123492,0.3953813204208958,0.7794497282608696,0.25170430968047897,0.9212410501193318,4246,12623,363,41648,0.933550808929252
living_room_contemp,ds_v1_seed0,ds_v1_seed0/living_room_contemp_v06,0.2920908379013312,0.4521212121212122,0.785054347826087,0.30065058437446024,0.9111847845053219,5222,12147,509,41002,0.9217337848384475
living_room_contemp,ds_v1_seed0,ds_v1_seed0/living_room_contemp_v39,0.5654132188121923,0.7223820675811309,0.8590692934782609,0.5777278321828009,0.9636704454164063,10796,7891,407,39786,0.9727909117287471
livingroom,ds_v1_seed0,ds_v1_seed0/livingroom_v53,0.5331062064879277,0.6954589371980676,0.8394021739130435,0.5759014294858118,0.8776621687530483,10797,7951,1505,38627,0.9321221718948144
livingroom,ds_v2_seed1,ds_v2_seed1/livingroom_v60,0.5959536896269442,0.7468308053051954,0.8826426630434783,0.650954844478508,0.8758271032052934,10192,5465,1445,41778,0.953845578861092
livingroom,ds_v1_seed0,ds_v1_seed0/livingroom_v16,0.5810232138832544,0.7349964362081255,0.8737092391304347,0.6842733908427339,0.7938414164742109,10312,4758,2678,41132,0.9360373351544704
livingroom,ds_v2_seed1,ds_v2_seed1/livingroom_v61,0.47764153404643883,0.6464917546523535,0.829976222826087,0.5221905305191101,0.8484567615163593,9154,8376,1635,39715,0.9148510975825003
livingroom,ds_v1_seed0,ds_v1_seed0/livingroom_v12,0.6292338139666384,0.7724291118592302,0.8886379076086957,0.6710891327945966,0.909819311585316,11128,5454,1103,41195,0.9626682361244788
livingroom,ds_v1_seed0,ds_v1_seed0/livingroom_v59,0.5247591608895291,0.6883174396976766,0.820703125,0.5901979646600172,0.8255665722379604,11657,8094,2463,36666,0.9025205099213431
livingroom,ds_v2_seed1,ds_v2_seed1/livingroom_v25,0.5697285236147267,0.7258943378346362,0.8820991847826087,0.6359485263594853,0.8454746136865342,9192,5262,1680,42746,0.9445727630598482
livingroom,ds_v2_seed1,ds_v2_seed1/livingroom_v52,0.5533905313210667,0.7124937614373648,0.8532438858695652,0.6127038626609442,0.8511128775834658,10707,6768,1873,39532,0.9312143971884475
livingroom,ds_v1_seed0,ds_v1_seed0/livingroom_v15,0.5935430463576159,0.7449350649350648,0.8832540760869565,0.6302900916739922,0.9105587808417998,10038,5888,986,41968,0.95855001392967
livingroom,ds_v1_seed0,ds_v1_seed0/livingroom_v43,0.42295024373106144,0.594469477192766,0.7768342391304348,0.4463549149557399,0.8896997690531178,9631,11946,1194,36109,0.8957943397708986
livingroom,ds_v1_seed0,ds_v1_seed0/livingroom_v27,0.5666646005082749,0.7234025717111771,0.8812669836956522,0.6061530301021085,0.896890022564505,9142,5940,1051,42747,0.9500886842894488
livingroom,ds_v2_seed1,ds_v2_seed1/livingroom_v40,0.5367513345456678,0.698553269458335,0.8658797554347826,0.6216877293110477,0.7971077620001742,9150,5568,2329,41833,0.9244823235594918
livingroom,ds_v2_seed1,ds_v2_seed1/livingroom_v59,0.46563348628148704,0.6354023576015079,0.8061650815217392,0.5100523130577496,0.8424396442185514,9945,9553,1860,37522,0.8987466556359393
livingroom,ds_v1_seed0,ds_v1_seed0/livingroom_v20,0.5615472250854446,0.719219010561423,0.8627377717391305,0.5972879399884593,0.9037017635760433,10351,6979,1103,40447,0.951420152768154
livingroom,ds_v1_seed0,ds_v1_seed0/livingroom_v62,0.5640675652619007,0.7212828624413657,0.8698199728260869,0.6175976088174855,0.8668065023597273,9918,6141,1524,41297,0.9461058146797249
livingroom,ds_v1_seed0,ds_v1_seed0/livingroom_v39,0.566631551224651,0.7233756409178783,0.8882133152173913,0.5867593918320038,0.9429166210145722,8606,6061,521,43692,0.9696485705672865
livingroom,ds_v2_seed1,ds_v2_seed1/livingroom_v11,0.6004085480829667,0.7503190967108493,0.8704313858695653,0.6474076584208743,0.8921316833994863,11463,6243,1386,39788,0.9459235741030209
livingroom,ds_v1_seed0,ds_v1_seed0/livingroom_v41,0.6512125133629663,0.7887688690496475,0.8947180706521739,0.7339717166592682,0.8524083075563411,11574,4195,2004,41107,0.9564516992291707
livingroom,ds_v2_seed1,ds_v2_seed1/livingroom_v43,0.5793253012048193,0.7336364468585029,0.8517493206521739,0.7038056206088993,0.7661079599770569,12021,5059,3670,38130,0.919073361500678
livingroom,ds_v2_seed1,ds_v2_seed1/livingroom_v02,0.5594120894286503,0.7174653745740962,0.8915591032608695,0.6502767305687014,0.8001381760757994,8107,4360,2025,44388,0.9451495794205257
livingroom,ds_v1_seed0,ds_v1_seed0/livingroom_v14,0.5894947534421059,0.7417385331603449,0.8850543478260869,0.6273965528371312,0.9070461969202053,9719,5772,996,42393,0.9597517729414253
livingroom,ds_v1_seed0,ds_v1_seed0/livingroom_v61,0.3363529687866698,0.5033894137894701,0.759867527173913,0.3390423921271764,0.9769597818677573,7166,13970,169,37575,0.9326867854198253
livingroom,ds_v2_seed1,ds_v2_seed1/livingroom_v46,0.6468432557541468,0.7855553386687487,0.9067085597826087,0.6969864911673017,0.8999105545617173,10061,4374,1119,43326,0.9682598708760403
livingroom,ds_v1_seed0,ds_v1_seed0/livingroom_v22,0.5211479416003509,0.6852034931619706,0.870210597826087,0.5459856889647476,0.9197169081057172,8317,6916,726,42921,0.9570164677354646
livingroom,ds_v2_seed1,ds_v2_seed1/livingroom_v38,0.5426093072324464,0.7034954407294834,0.8674592391304348,0.5770741133204513,0.9008465505497714,9258,6785,1019,41818,0.9515812764162469
livingroom,ds_v2_seed1,ds_v2_seed1/livingroom_v09,0.4847423711855928,0.6529649595687331,0.7900815217391305,0.5293876621898475,0.8518057285180572,11628,10337,2023,34892,0.8968531960341445
livingroom,ds_v2_seed1,ds_v2_seed1/livingroom_v07,0.4961853472455963,0.6632672190769001,0.8474694293478261,0.5132594440898277,0.9371688917143463,8845,8388,593,41054,0.9496083678895679
livingroom,ds_v1_seed0,ds_v1_seed0/livingroom_v05,0.5847914963205233,0.7380043339180684,0.8706351902173913,0.6871197079356947,0.7970282317979198,10728,4885,2732,40535,0.9323506894214343
livingroom,ds_v2_seed1,ds_v2_seed1/livingroom_v28,0.6051341376081089,0.7539982153888394,0.8782608695652174,0.6794285007422068,0.8469545104086353,10985,5183,1985,40727,0.9453994674975863
livingroom,ds_v2_seed1,ds_v2_seed1/livingroom_v26,0.06314699792960662,0.11879259980525803,0.6772248641304348,0.06348498364555456,0.9222462203023758,1281,18897,108,38594,0.8628449485047267
livingroom,ds_v1_seed0,ds_v1_seed0/livingroom_v63,0.5491183879093199,0.7089430894308943,0.8449558423913044,0.6112821640642182,0.8437428853305001,11118,7070,2059,38633,0.925050783595436
livingroom,ds_v1_seed0,ds_v1_seed0/livingroom_v10,0.5724945135332845,0.7281354670636396,0.8511209239130435,0.6502880567250167,0.8271561443066516,11739,6313,2453,38375,0.9247927060981189
livingroom,ds_v2_seed1,ds_v2_seed1/livingroom_v12,0.5019059720457433,0.6683587140439933,0.846875,0.5209288990825688,0.932177303509132,9085,8355,661,40779,0.9452442238416072
livingroom,ds_v1_seed0,ds_v1_seed0/livingroom_v33,0.5285391809093841,0.6915611814345991,0.8758491847826086,0.5548408937034529,0.9176931690929452,8195,6575,735,43375,0.9572099355794764
livingroom,ds_v1_seed0,ds_v1_seed0/livingroom_v57,0.49339669217477167,0.6607711062440597,0.8605808423913044,0.513916564890403,0.9251330710483684,7995,7562,647,42676,0.9545270851869839
livingroom,ds_v2_seed1,ds_v2_seed1/livingroom_v10,0.51859256297481,0.6829910479199579,0.8364130434782608,0.5601986826476623,0.8747260158489294,10376,8146,1486,38872,0.9314154440965398
livingroom,ds_v1_seed0,ds_v1_seed0/livingroom_v45,0.5736110316415861,0.7290378881535889,0.8734375,0.6243382948246871,0.8759283529925732,10025,6032,1420,41403,0.9462999686448674
livingroom,ds_v2_seed1,ds_v2_seed1/livingroom_v13,0.6294575590155701,0.7725976728057332,0.8997622282608696,0.6919254658385093,0.8745638520586183,10026,4464,1438,42952,0.9612892404002712
livingroom,ds_v2_seed1,ds_v2_seed1/livingroom_v30,0.5438935393861344,0.7045738912831921,0.8556385869565217,0.5978530140379852,0.8576747334574378,10136,6818,1682,40244,0.9350358024128345
minigym,ds_v1_seed0,ds_v1_seed0/minigym_v42,0.7540503008794939,0.8597818437719915,0.864639945652174,0.8019363308171973,0.9266211604095563,24435,6035,1935,26475,0.9549018440345709
minigym,ds_v2_seed1,ds_v2_seed1/minigym_v32,0.7258028628643477,0.8411190854785336,0.8744225543478261,0.742854974000835,0.9693427764845723,19572,6775,619,31914,0.9723702016468257
minigym,ds_v1_seed0,ds_v1_seed0/minigym_v55,0.6225843558282208,0.7673984450693575,0.8328294836956521,0.6352255389069286,0.9690260205299595,16237,9324,519,32800,0.9596411333722428
minigym,ds_v1_seed0,ds_v1_seed0/minigym_v09,0.6891262475923656,0.8159558808284785,0.8492357336956522,0.7230571376079368,0.9362451232277096,19678,7537,1340,30325,0.9542535598337274
minigym,ds_v1_seed0,ds_v1_seed0/minigym_v33,0.7255850292049555,0.840972791168988,0.8747282608695652,0.7432545731707317,0.9682752457551386,19503,6737,639,32001,0.9715906699226242
minigym,ds_v2_seed1,ds_v2_seed1/minigym_v21,0.7728152790995307,0.8718508783296003,0.882421875,0.8014293006636038,0.9558405714749574,23550,5835,1088,28407,0.9682800040788266
minigym,ds_v1_seed0,ds_v1_seed0/minigym_v27,0.8118679454557317,0.8961667957004735,0.9020550271739131,0.8145784236711181,0.9959182040097643,24887,5665,102,28226,0.982435930597932
minigym,ds_v1_seed0,ds_v1_seed0/minigym_v35,0.7302719572001783,0.8441123421798505,0.8766983695652174,0.7533921042545036,0.9596719070403281,19656,6434,826,31964,0.9692622070561064
minigym,ds_v2_seed1,ds_v2_seed1/minigym_v49,0.7866169463434846,0.8805658627087197,0.877547554347826,0.8246920475348288,0.9445609296705639,26579,5650,1560,25091,0.9607681188789268
minigym,ds_v2_seed1,ds_v2_seed1/minigym_v30,0.6224751522924014,0.7673154826598163,0.8400135869565217,0.6290805994329688,0.9834114220590098,15532,9158,262,33928,0.9718695907259901
minigym,ds_v1_seed0,ds_v1_seed0/minigym_v31,0.7621230672855149,0.8650054941503459,0.8581182065217391,0.8579900625100176,0.8721365961745251,26765,4430,3924,23761,0.9399602260684811
minigym,ds_v2_seed1,ds_v2_seed1/minigym_v15,0.763837514291479,0.866108706842316,0.8807235054347826,0.8320512820512821,0.9030731920645648,22715,4585,2438,29142,0.9617398908899022
minigym,ds_v1_seed0,ds_v1_seed0/minigym_v29,0.675481214998331,0.806313086594652,0.8513926630434783,0.6859628639222628,0.9778791946308725,18213,8338,412,31917,0.9684049106409726
minigym,ds_v2_seed1,ds_v2_seed1/minigym_v33,0.09050688914170142,0.16599049495769097,0.8778023097826086,0.09050688914170142,1.0,716,7195,0,50969,0.9918689866142316
minigym,ds_v1_seed0,ds_v1_seed0/minigym_v40,0.5598757994253406,0.717846638343385,0.8387058423913043,0.5665447383230163,0.9794081880826915,12081,9243,254,37302,0.9702320531107297
minigym,ds_v1_seed0,ds_v1_seed0/minigym_v00,0.7582904770349352,0.8625315179021685,0.8842561141304348,0.785653915408077,0.9560862176907253,21380,5833,982,30685,0.9707300105965657
minigym,ds_v1_seed0,ds_v1_seed0/minigym_v11,0.46985066215835447,0.6393175500814722,0.9360903532608695,0.4699168662815274,0.9997002398081535,3335,3762,1,51782,0.9936001328564111
minigym,ds_v2_seed1,ds_v2_seed1/minigym_v37,0.7506535947712418,0.857569535187605,0.8444972826086956,0.8930793157076206,0.8247755834829443,27564,3300,5856,22160,0.9289396780859945
minigym,ds_v1_seed0,ds_v1_seed0/minigym_v28,0.6350625400898011,0.7768051979894569,0.8453974184782609,0.6420899031251267,0.9830582102519548,15841,8830,273,33936,0.9705974307155424
minigym,ds_v2_seed1,ds_v2_seed1/minigym_v52,0.7242124152598697,0.8400501108220103,0.8590523097826087,0.7283513251562448,0.9922145328719724,21793,8128,171,28788,0.976155415019394
minigym,ds_v1_seed0,ds_v1_seed0/minigym_v50,0.6360025624599616,0.7775080272535045,0.8552479619565218,0.6504761072770158,0.9661973658599883,14892,8002,521,35465,0.968095487298913
minigym,ds_v1_seed0,ds_v1_seed0/minigym_v07,0.7209293666455673,0.8378372530777386,0.8727072010869565,0.7361697273867914,0.9720855507581082,19362,6939,556,32023,0.9724638605933833
minigym,ds_v2_seed1,ds_v2_seed1/minigym_v01,0.7224481952406879,0.8388620304946077,0.8528192934782609,0.7905028911862625,0.8935234699940582,22557,5978,2688,27657,0.9448723555683218
minigym,ds_v2_seed1,ds_v2_seed1/minigym_v07,0.64361368108176,0.7831690481648456,0.8554177989130435,0.6522144917698965,0.9799222385110588,15374,8198,315,34993,0.9730484002815847
minigym,ds_v2_seed1,ds_v2_seed1/minigym_v26,0.7751087414059211,0.873308460857468,0.8638926630434782,0.8867379370124242,0.8602796897872738,27621,3528,4486,23245,0.9460444815755858
minigym,ds_v2_seed1,ds_v2_seed1/minigym_v50,0.7465689282139051,0.8548977554265429,0.8667119565217392,0.8127614695025488,0.9016419016419016,23119,5326,2522,27913,0.9524818727111215
minigym,ds_v1_seed0,ds_v1_seed0/minigym_v34,0.583050256946259,0.7366162310866575,0.837398097826087,0.5879149833128403,0.9860067756665194,13388,9384,190,35918,0.9729288632139813
minigym,ds_v2_seed1,ds_v2_seed1/minigym_v35,0.7007715047948663,0.8240630829235206,0.8590353260869565,0.7189407108776862,0.9651919161825314,19438,7599,701,31142,0.9680473977583423
minigym,ds_v1_seed0,ds_v1_seed0/minigym_v20,0.7234729900752681,0.8395524551199057,0.858984375,0.7419564177881003,0.9667126518624004,21723,7555,748,28854,0.9634782219034453
minigym,ds_v2_seed1,ds_v2_seed1/minigym_v53,0.7416643119525289,0.8516730886229974,0.87578125,0.7564393530026298,0.9743399378219109,20998,6761,553,30568,0.9728076422155858
minigym,ds_v1_seed0,ds_v1_seed0/minigym_v05,0.731693407345449,0.845061145629789,0.8801460597826087,0.7486287781538102,0.9700100806451613,19245,6462,595,32578,0.9748149237186425
minigym,ds_v2_seed1,ds_v2_seed1/minigym_v45,0.6442656979761286,0.7836515701436011,0.9534307065217391,0.645102624058197,0.9979903536977492,4966,2732,10,51172,0.9970164745661931
minigym,ds_v1_seed0,ds_v1_seed0/minigym_v17,0.7440949485500468,0.853273440380812,0.8513247282608696,0.8467449519310735,0.8599033816425121,25454,4607,4147,24672,0.9349583934722118
minimal_interior,ds_v1_seed0,ds_v1_seed0/minimal_interior_v42,0.45160069628396277,0.6222106360792492,0.8769361413043478,0.4695467422096317,0.9219715698393078,5967,6741,505,45667,0.9571333102127851
minimal_interior,ds_v1_seed0,ds_v1_seed0/minimal_interior_v65,0.07028549481500448,0.13133971291866028,0.8766644021739131,0.07128018696442483,0.8343465045592705,549,7153,109,51069,0.9346751883238238
minimal_interior,ds_v1_seed0,ds_v1_seed0/minimal_interior_v13,0.4333648049967318,0.6046817997567896,0.8674932065217391,0.46788990825688076,0.8545037949305456,5967,6786,1016,45111,0.939787651407504
minimal_interior,ds_v2_seed1,ds_v2_seed1/minimal_interior_v10,0.44948564409642255,0.6202002012605266,0.8782099184782609,0.4824886691388546,0.8679217313963831,5855,6280,891,45854,0.9481492471719124
minimal_interior,ds_v2_seed1,ds_v2_seed1/minimal_interior_v04,0.42883307169021456,0.6002563633034242,0.888773777173913,0.4396459227467811,0.9457587997691864,4917,6267,282,47414,0.967465764744571
minimal_interior,ds_v2_seed1,ds_v2_seed1/minimal_interior_v53,0.4751909931644552,0.6442433493240297,0.889164402173913,0.5322464420825077,0.815934824634079,5909,5193,1333,46445,0.9372940708723023
minimal_interior,ds_v2_seed1,ds_v2_seed1/minimal_interior_v27,0.45262678408745827,0.6231838611895056,0.877547554347826,0.4807676800258044,0.885489380662409,5962,6439,771,45708,0.943270665765882
minimal_interior,ds_v1_seed0,ds_v1_seed0/minimal_interior_v46,0.24426169142015466,0.39262109105257964,0.8954313858695652,0.247082195182518,0.9553528564570332,1990,6064,93,50733,0.9724573753164311
minimal_interior,ds_v2_seed1,ds_v2_seed1/minimal_interior_v08,0.450519584332534,0.6211837319519453,0.8832540760869565,0.4707651186100902,0.9128603822481374,5636,6336,538,46370,0.9585219587452807
minimal_interior,ds_v2_seed1,ds_v2_seed1/minimal_interior_v25,0.30472769634016117,0.46711309523809524,0.8783627717391305,0.31598550432856853,0.8953223046206503,3139,6795,367,48579,0.9507720986891379
minimal_interior,ds_v2_seed1,ds_v2_seed1/minimal_interior_v33,0.4160272187635732,0.5875977710750985,0.8629925271739131,0.4272544792208758,0.9405891980360066,5747,7704,363,45066,0.9589902867243111
minimal_interior,ds_v2_seed1,ds_v2_seed1/minimal_interior_v30,0.23961257720381807,0.38659268486015175,0.8159986413043478,0.24050722085241283,0.9847130083645803,3414,10781,53,44632,0.9686452940408341
minimal_interior,ds_v1_seed0,ds_v1_seed0/minimal_interior_v24,0.38095238095238093,0.5517241379310346,0.8531759510869565,0.400662750414219,0.885633427667721,5320,7958,687,44915,0.9380618950880634
minimal_interior,ds_v2_seed1,ds_v2_seed1/minimal_interior_v29,0.3968967517401392,0.5682549569189245,0.8587296195652174,0.4155154091392136,0.8985554826001313,5474,7700,618,45088,0.9446246314063599
minimal_interior,ds_v1_seed0,ds_v1_seed0/minimal_interior_v43,0.3761638733705773,0.5466847090663057,0.8634510869565217,0.3841521394611727,0.947615324472244,4848,7772,268,45992,0.964252564228375
minimal_interior,ds_v2_seed1,ds_v2_seed1/minimal_interior_v22,0.31722428748451054,0.4816556914393227,0.8877038043478261,0.32053422370617696,0.9684741488020177,3072,6512,100,49196,0.9738298820520728
minimal_interior,ds_v1_seed0,ds_v1_seed0/minimal_interior_v11,0.4703721075672295,0.6398000956988676,0.8849354619565217,0.4886308267013156,0.9264049268668206,6017,6297,478,46088,0.9605496375615988
minimal_interior,ds_v1_seed0,ds_v1_seed0/minimal_interior_v09,0.5127724187209718,0.677924071559308,0.9073539402173914,0.5441706161137441,0.8988570533896978,5741,4809,646,47684,0.9650121578162899
minimal_interior,ds_v1_seed0,ds_v1_seed0/minimal_interior_v40,0.2460721232979201,0.39495646952867003,0.8288552989130434,0.24742345595426163,0.9782867340868531,3289,10004,73,45514,0.9631327585895418
minimal_interior,ds_v1_seed0,ds_v1_seed0/minimal_interior_v26,0.3402522039950898,0.5077435470441299,0.8995923913043479,0.3470293648987025,0.9457196029776674,3049,5737,175,49919,0.9713235455408284
minimal_interior,ds_v1_seed0,ds_v1_seed0/minimal_interior_v63,0.33471260232077,0.5015500741339803,0.8743885869565218,0.33652889572216693,0.9841311822269241,3721,7336,60,47763,0.9754878284798694
minimal_interior,ds_v2_seed1,ds_v2_seed1/minimal_interior_v60,0.4010659560293138,0.5725154541131716,0.8625849184782609,0.43476167549350025,0.8380510440835267,5418,7044,1047,45371,0.9330891756468821
minimal_interior,ds_v1_seed0,ds_v1_seed0/minimal_interior_v37,0.4900828330420245,0.6577927376580988,0.8860394021739131,0.5130877555891479,0.9161812757493962,6449,6120,590,45721,0.9554700981600611
minimal_interior,ds_v2_seed1,ds_v2_seed1/minimal_interior_v51,0.33804740859783045,0.5052846504924333,0.8600883152173913,0.3542438531492085,0.8808626465661642,4207,7669,569,46435,0.9395663894940472
minimal_interior,ds_v1_seed0,ds_v1_seed0/minimal_interior_v29,0.28407272727272725,0.4424558223833258,0.8328125,0.2848599766627771,0.9903651115618661,3906,9806,38,45130,0.973301149192673
minimal_interior,ds_v2_seed1,ds_v2_seed1/minimal_interior_v37,0.41268075639599555,0.584251968503937,0.8654891304347826,0.4312282061216583,0.9056143205858421,5565,7340,580,45395,0.9451069986776229
minimal_interior,ds_v2_seed1,ds_v2_seed1/minimal_interior_v16,0.38483206933911157,0.5557815678297606,0.9035665760869566,0.3992356974260987,0.9142857142857143,3552,5345,333,49650,0.964640087205775
minimal_interior,ds_v1_seed0,ds_v1_seed0/minimal_interior_v23,0.3387363285860414,0.5060538380157517,0.8572690217391304,0.3514285714285714,0.9036523929471033,4305,7945,459,46171,0.9406751866454243
minimal_interior,ds_v1_seed0,ds_v1_seed0/minimal_interior_v04,0.3981018119068162,0.5694890150580103,0.8815217391304347,0.4172544763971785,0.8966187329965022,4614,6444,532,47290,0.9528132731990062
minimal_interior,ds_v2_seed1,ds_v2_seed1/minimal_interior_v35,0.4328654369074741,0.6041955172590656,0.8689368206521739,0.4618883312421581,0.8732394366197183,5890,6862,855,45273,0.9439861331095506
minimal_interior,ds_v2_seed1,ds_v2_seed1/minimal_interior_v02,0.05795486207857342,0.10956017908875428,0.88515625,0.05824698963875665,0.9203539823008849,416,6726,36,51702,0.9630459446040842
minimal_interior,ds_v1_seed0,ds_v1_seed0/minimal_interior_v31,0.380322347847005,0.5510630881840363,0.86875,0.39143352314929436,0.9305473808122425,4743,7374,354,46409,0.9588217007947388
minimal_interior,ds_v2_seed1,ds_v2_seed1/minimal_interior_v61,0.1549113498123463,0.2682653518601524,0.8890964673913043,0.15702479338842976,0.9200614911606456,1197,6426,104,51153,0.961957977756297
minimal_interior,ds_v2_seed1,ds_v2_seed1/minimal_interior_v23,0.4209810354485076,0.5925216803694109,0.8771059782608696,0.4458852445122468,0.8828662527269676,5261,6538,698,46383,0.9502501962550359
minimal_interior,ds_v1_seed0,ds_v1_seed0/minimal_interior_v25,0.21621214404098238,0.35555004955401387,0.8233016304347827,0.2166528270551823,0.9906800138073869,2870,10377,27,45606,0.9703114358936975
minimal_interior,ds_v1_seed0,ds_v1_seed0/minimal_interior_v18,0.4253469685902118,0.5968328806436733,0.8663892663043479,0.45556250977937723,0.865101767939385,5823,6959,908,45190,0.940430084682526
minimal_interior,ds_v2_seed1,ds_v2_seed1/minimal_interior_v40,0.4728519195612431,0.64209023769627,0.9020550271739131,0.5039945440374123,0.8844246879808514,5173,5091,676,47940,0.9590041736605066
minimal_interior,ds_v1_seed0,ds_v1_seed0/minimal_interior_v44,0.3020465772759351,0.46395663956639566,0.848828125,0.3101449275362319,0.9204301075268817,3852,8568,333,46127,0.9423435051965702
minimal_interior,ds_v2_seed1,ds_v2_seed1/minimal_interior_v26,0.2645940014630578,0.4184647422918956,0.8292629076086957,0.2659363282111609,0.9812805208898535,3617,9984,69,45210,0.9660815274356789
scandinavian,ds_v2_seed1,ds_v2_seed1/scandinavian_v01,0.7203180330059464,0.8374242659624048,0.92890625,0.7602425780974543,0.9320480677790265,10781,3400,786,43913,0.9726938367808206
scandinavian,ds_v2_seed1,ds_v2_seed1/scandinavian_v02,0.6921561911286179,0.8180760082991752,0.9389436141304348,0.7184888888888888,0.9497121372341676,8083,3167,428,47202,0.9826966716568162
scandinavian,ds_v1_seed0,ds_v1_seed0/scandinavian_v17,0.68089444261756,0.8101572893027623,0.9175951086956522,0.708866826429305,0.945220487537661,10353,4252,600,43675,0.9748121282574383
scandinavian,ds_v1_seed0,ds_v1_seed0/scandinavian_v15,0.6566023784583154,0.792709689417891,0.9053498641304348,0.6910505836575875,0.9294374182293939,10656,4764,809,42651,0.9652156794086822
scandinavian,ds_v1_seed0,ds_v1_seed0/scandinavian_v10,0.7287150035893755,0.843071301025705,0.9358186141304348,0.7574242650350694,0.950557168274183,10151,3251,528,44950,0.9807756522900244
scandinavian,ds_v1_seed0,ds_v1_seed0/scandinavian_v18,0.5228356010052864,0.6866605964033691,0.8129755434782608,0.5633842274828408,0.8789975959787281,12066,9351,1661,35802,0.9079437820397802
scandinavian,ds_v2_seed1,ds_v2_seed1/scandinavian_v50,0.6440378638033343,0.7834830060585228,0.9144191576086956,0.6675697444533939,0.9481073211314476,9117,4540,499,44724,0.9777928771668714
scandinavian,ds_v2_seed1,ds_v2_seed1/scandinavian_v31,0.43970023301215444,0.6108219238003587,0.8488960597826087,0.4506260487930812,0.9477399212705307,6982,8512,385,43001,0.963857799013788
scandinavian,ds_v2_seed1,ds_v2_seed1/scandinavian_v25,0.683874139626352,0.8122627737226277,0.934476902173913,0.7090306685923031,0.9506777537304932,8346,3425,433,46676,0.9821054282742072
scandinavian,ds_v2_seed1,ds_v2_seed1/scandinavian_v16,0.6547670875054419,0.7913706919231782,0.9191915760869566,0.6905946276880692,0.9265838381764041,9024,4043,715,45098,0.9703569423527917
scandinavian,ds_v1_seed0,ds_v1_seed0/scandinavian_v06,0.47668833003673355,0.6456180635285113,0.8112771739130434,0.5164549211694475,0.8609339117121715,10122,9477,1635,37646,0.899071513384887
scandinavian,ds_v1_seed0,ds_v1_seed0/scandinavian_v50,0.6069813977618024,0.7554305216067887,0.9099354619565218,0.6249523082792827,0.95476801119142,8190,4915,388,45387,0.9783178672860687
scandinavian,ds_v1_seed0,ds_v1_seed0/scandinavian_v13,0.6849700598802395,0.8130352891005366,0.910648777173913,0.7403883495145631,0.9014894790763653,11439,4011,1250,42180,0.9638616046743207
scandinavian,ds_v2_seed1,ds_v2_seed1/scandinavian_v10,0.511566719618745,0.6768695195244507,0.8328974184782608,0.5455267337215458,0.8915131066701272,10305,8585,1254,38736,0.9197256838702935
scandinavian,ds_v2_seed1,ds_v2_seed1/scandinavian_v30,0.5959373624300358,0.7468179847893762,0.8908797554347826,0.6160847799232819,0.9479791916766707,9476,5905,520,42979,0.9672750646367704
scandinavian,ds_v2_seed1,ds_v2_seed1/scandinavian_v61,0.6883583519642287,0.8154173563490188,0.9337126358695652,0.7221477634444631,0.9363527750624525,8621,3317,586,46356,0.9781369581413482
scandinavian,ds_v1_seed0,ds_v1_seed0/scandinavian_v34,0.5432301278108127,0.7040170069533638,0.8864979619565218,0.558106874517239,0.9532261933317342,7948,6293,390,44249,0.9685196981392371
scandinavian,ds_v1_seed0,ds_v1_seed0/scandinavian_v04,0.6280515773915702,0.7715376909591786,0.8760529891304348,0.6944882777276826,0.8678169014084507,12323,5421,1877,39259,0.935982019241681
scandinavian,ds_v1_seed0,ds_v1_seed0/scandinavian_v27,0.5963537957555903,0.7471448965024983,0.9037364130434783,0.614470208394482,0.9528903049613109,8374,5254,414,44838,0.9751945723464638
scandinavian,ds_v2_seed1,ds_v2_seed1/scandinavian_v41,0.7431134786570407,0.8526277695122442,0.9377547554347826,0.7720090293453724,0.9520474137931034,10602,3131,534,44613,0.9815144230450935
scandinavian,ds_v1_seed0,ds_v1_seed0/scandinavian_v43,0.6239685881750413,0.7684490854299529,0.8877717391304348,0.6533007626310772,0.9328739152628892,10965,5819,789,41307,0.958984977341561
scandinavian,ds_v2_seed1,ds_v2_seed1/scandinavian_v24,0.5759574576877844,0.7309302099218065,0.8591542119565218,0.6286766757827761,0.8729076255424675,11264,6653,1640,39323,0.9307719823307904
scandinavian,ds_v2_seed1,ds_v2_seed1/scandinavian_v32,0.7430876420975431,0.8526107628224009,0.9405061141304348,0.7891580341148065,0.9271595900439239,10132,2707,796,45245,0.9765139416884552
scandinavian,ds_v1_seed0,ds_v1_seed0/scandinavian_v55,0.6646080760095012,0.7985159817351599,0.9280570652173913,0.6858403464335322,0.9554923164484918,8394,3845,391,46250,0.9835987855288952
scandinavian,ds_v1_seed0,ds_v1_seed0/scandinavian_v64,0.7450174958162179,0.8538796861377507,0.9430706521739131,0.7830188679245284,0.9388420245398773,9794,2714,638,45734,0.9799730223135323
scandinavian,ds_v1_seed0,ds_v1_seed0/scandinavian_v32,0.6175604463732176,0.7635701624107698,0.9161854619565217,0.636399936112442,0.9542569752125494,7969,4553,382,45976,0.9798015868888384
scandinavian,ds_v2_seed1,ds_v2_seed1/scandinavian_v54,0.6098500481496767,0.7576482652538027,0.9036684782608696,0.6342824438403205,0.940589857840017,8866,5112,560,44342,0.9737621469776933
scandinavian,ds_v2_seed1,ds_v2_seed1/scandinavian_v37,0.548447612794297,0.708383813908408,0.8364809782608695,0.5805778969317843,0.908342395525866,11694,8448,1180,37558,0.9295097803232142
scandinavian,ds_v2_seed1,ds_v2_seed1/scandinavian_v28,0.6802210547861091,0.8096804320461282,0.9203974184782608,0.7123972847445517,0.9377351392024078,9970,4025,662,44223,0.9756150802525302
scandinavian,ds_v2_seed1,ds_v2_seed1/scandinavian_v39,0.5674113792076259,0.7240107947850545,0.8766813858695652,0.6046984126984127,0.9019793541055025,9524,6226,1035,42095,0.9468582150269071
scandinavian,ds_v1_seed0,ds_v1_seed0/scandinavian_v60,0.6947331212442559,0.8198731853829468,0.926664402173913,0.7247050147492625,0.9438148290434114,9827,3733,585,44735,0.9771025936579231
scandinavian,ds_v1_seed0,ds_v1_seed0/scandinavian_v42,0.7513298767759747,0.8580106886077895,0.9372792119565218,0.7880500035313228,0.9416033755274261,11158,3001,692,44029,0.9812313425939633
scandinavian,ds_v2_seed1,ds_v2_seed1/scandinavian_v12,0.4770810810810811,0.645978189270292,0.8356997282608696,0.5129009762900977,0.8723067799960467,8826,8382,1292,40380,0.924995152155551
scandinavian,ds_v1_seed0,ds_v1_seed0/scandinavian_v40,0.5584108997706732,0.7166414196061459,0.8888077445652174,0.574531575294934,0.9521564117308798,8279,6131,416,44054,0.9701652614481107
scandinavian,ds_v1_seed0,ds_v1_seed0/scandinavian_v07,0.5091019417475728,0.6747084841174106,0.8351222826086957,0.5377917846268896,0.9051514879079385,10068,8653,1055,39104,0.9296304945039922
scandinavian,ds_v2_seed1,ds_v2_seed1/scandinavian_v65,0.6309268360213193,0.7737034207622443,0.9094429347826087,0.6599333912539821,0.9348717948717948,9115,4697,635,44433,0.971775790028548
scandinavian,ds_v2_seed1,ds_v2_seed1/scandinavian_v42,0.722500338249222,0.8388971801115388,0.9303328804347826,0.7496841218587674,0.9522111269614836,10680,3566,536,44098,0.9803683954212417
scandinavian,ds_v1_seed0,ds_v1_seed0/scandinavian_v37,0.7090647105056327,0.829769295623515,0.9245584239130434,0.7500346404323126,0.9284734133790737,10826,3608,834,43612,0.9737530803588618
scandinavian,ds_v1_seed0,ds_v1_seed0/scandinavian_v45,0.6721947776993649,0.803967081662798,0.9211107336956522,0.6987235915492958,0.9465368180463083,9525,4107,538,44710,0.9772796724674536
scandinavian,ds_v2_seed1,ds_v2_seed1/scandinavian_v46,0.6894109635682669,0.816155427465839,0.9225373641304347,0.7142151675485009,0.9520406244122626,10124,4051,510,44195,0.976182441297048
sunlight,ds_v1_seed0,ds_v1_seed0/sunlight_v02,0.4958167330677291,0.6629378079637768,0.742085597826087,0.49888090863537665,0.9877637409881606,14934,15001,185,28760,0.9561725516980143
sunlight,ds_v1_seed0,ds_v1_seed0/sunlight_v20,0.4253924100933837,0.5968776136046836,0.7052989130434782,0.4272316083543967,0.9899815043156597,12846,17222,130,28682,0.9427897908031623
sunlight,ds_v2_seed1,ds_v2_seed1/sunlight_v49,0.4367284927517883,0.6079485371871696,0.697758152173913,0.440015307098667,0.9831836967364971,13798,17560,236,27286,0.9450095175044309
sunlight,ds_v2_seed1,ds_v2_seed1/sunlight_v55,0.22650010989816105,0.3693438069352767,0.6413892663043478,0.2272159341467,0.9862817036209922,6183,21029,86,31582,0.9381884196446445
sunlight,ds_v1_seed0,ds_v1_seed0/sunlight_v59,0.19715194785038026,0.3293682948173597,0.6485903532608696,0.19750447018580425,0.9910278915545153,5081,20645,46,33108,0.9430079337205998
sunlight,ds_v2_seed1,ds_v2_seed1/sunlight_v31,0.1898294251587904,0.31908678865200607,0.6555536684782609,0.18986734856960205,0.9989489173849064,4752,20276,5,33847,0.9656187483883856
sunlight,ds_v2_seed1,ds_v2_seed1/sunlight_v22,0.46560776673381105,0.6353784106527275,0.7251528532608695,0.4677702949275122,0.9901685393258427,14100,16043,140,28597,0.9553402540234485
sunlight,ds_v1_seed0,ds_v1_seed0/sunlight_v04,0.31827187098119636,0.48286226534486404,0.6668817934782608,0.3199958065417948,0.9833548109965635,9157,19459,155,30109,0.9337485150046921
sunlight,ds_v1_seed0,ds_v1_seed0/sunlight_v32,0.32237806941676383,0.48757322413695053,0.693953804347826,0.32273001054058126,0.9966286910020925,8573,17991,29,32287,0.9651280128706202
sunlight,ds_v2_seed1,ds_v2_seed1/sunlight_v26,0.4756230447467398,0.6446403049070987,0.7466372282608695,0.47931278781438186,0.9840727272727273,13531,14699,219,30431,0.9584318514191326
sunlight,ds_v1_seed0,ds_v1_seed0/sunlight_v21,0.2354052522199131,0.38109802722128766,0.6563349184782609,0.23553875236294897,0.9975980784627703,6230,20220,15,32415,0.9629432783426323
sunlight,ds_v2_seed1,ds_v2_seed1/sunlight_v42,0.38034033309196236,0.5510819672131148,0.7093240489130435,0.38078149920255183,0.9969630824712916,10505,17083,32,31260,0.9661085189604681
sunlight,ds_v1_seed0,ds_v1_seed0/sunlight_v28,0.3139807341838063,0.4779076679215376,0.6867357336956522,0.3143314592098894,0.9964589235127479,8442,18415,30,31993,0.9631670675877849
sunlight,ds_v2_seed1,ds_v2_seed1/sunlight_v16,0.45354800609206475,0.6240564524751417,0.7014096467391304,0.4559287611310733,0.9886178861788618,14592,17413,168,26707,0.9505506178333543
sunlight,ds_v2_seed1,ds_v2_seed1/sunlight_v33,0.3568999278573637,0.5260519519975695,0.6820652173913043,0.35746481780958606,0.9955917585050311,10389,18674,46,29771,0.9536630462783066
sunlight,ds_v1_seed0,ds_v1_seed0/sunlight_v42,0.4102499820929733,0.5818117175000634,0.7203294836956522,0.4112958242073893,0.9938400138816589,11455,16396,71,30958,0.9602768295160641
sunlight,ds_v2_seed1,ds_v2_seed1/sunlight_v65,0.4394493439449344,0.6105797967722655,0.7344429347826087,0.44044410908698933,0.9948867786705624,12258,15573,63,30986,0.9636745749553504
sunlight,ds_v2_seed1,ds_v2_seed1/sunlight_v41,0.3797269731680527,0.5504378482884112,0.7314538043478261,0.38021917592992654,0.9966024915062288,9680,15779,33,33388,0.966268049382314
sunlight,ds_v1_seed0,ds_v1_seed0/sunlight_v08,0.29485530546623795,0.45542587534144524,0.6647927989130434,0.29579584961112504,0.989331095660513,8253,19648,89,30890,0.9428417561016135
sunlight,ds_v2_seed1,ds_v2_seed1/sunlight_v53,0.42502448115740593,0.5965153395992198,0.6908627717391305,0.42664172242128295,0.9911602209944751,13455,18082,120,27223,0.9549086451700496
sunlight,ds_v1_seed0,ds_v1_seed0/sunlight_v11,0.43061266447368424,0.6019975569447439,0.7177819293478261,0.43166283103768077,0.9943820224719101,12567,16546,71,29696,0.9603729533788333
sunlight,ds_v2_seed1,ds_v2_seed1/sunlight_v05,0.3710670697570261,0.5412821559820334,0.7138077445652173,0.3714691376475863,0.9970915655400662,9942,16822,29,32087,0.9653611535937606
sunlight,ds_v1_seed0,ds_v1_seed0/sunlight_v43,0.22267272137528382,0.3642392890303754,0.6743885869565217,0.22283534853525927,0.9967332123411978,5492,19154,18,34216,0.9621438561805455
sunlight,ds_v2_seed1,ds_v2_seed1/sunlight_v02,0.2757820625650052,0.43233412768092305,0.6925271739130435,0.27598078462770215,0.9973958333333334,6894,18086,18,33882,0.9707413875062717
sunlight,ds_v1_seed0,ds_v1_seed0/sunlight_v50,0.2770443426263881,0.43388366931192807,0.6837805706521739,0.2771519577377253,0.9986004198740378,7135,18609,10,33126,0.9677375760887275
sunlight,ds_v1_seed0,ds_v1_seed0/sunlight_v25,0.1089138385642596,0.1964333652924257,0.644140625,0.10894163688956951,0.9976626412154266,2561,20947,6,35366,0.9616638618956179
sunlight,ds_v2_seed1,ds_v2_seed1/sunlight_v64,0.43082021541010773,0.6022003474232773,0.7199728260869566,0.43237250554323725,0.9917355371900827,12480,16384,104,29912,0.9501272925120656
sunlight,ds_v1_seed0,ds_v1_seed0/sunlight_v26,0.35234763395323143,0.5210903248645263,0.7013077445652174,0.3527373271889401,0.9968743488226713,9568,17557,30,31725,0.9660130941034235
sunlight,ds_v1_seed0,ds_v1_seed0/sunlight_v44,0.3757214785705514,0.5462173621959384,0.6546535326086956,0.37718054613819885,0.9898091232610805,12238,20208,126,26308,0.9428378661635829
sunlight,ds_v2_seed1,ds_v2_seed1/sunlight_v21,0.47888454558146026,0.6476293866377174,0.7464164402173913,0.48116846682564174,0.9901854658295446,13721,14795,136,30228,0.9627450651616708
sunlight,ds_v1_seed0,ds_v1_seed0/sunlight_v19,0.41953378209922715,0.591086717892426,0.6836616847826087,0.4219930409705025,0.986299362590666,13462,18439,187,26792,0.9432845997072243
sunlight,ds_v2_seed1,ds_v2_seed1/sunlight_v54,0.45618356672853044,0.6265467859294619,0.7262907608695652,0.4584732254891986,0.9891709958293701,13519,15968,148,29245,0.955911950023549
sunlight,ds_v1_seed0,ds_v1_seed0/sunlight_v47,0.1372424973310664,0.24136012794659623,0.6294157608695652,0.13726963537135173,0.9985615650172612,3471,21815,5,33589,0.9601643470383755
sunlight,ds_v1_seed0,ds_v1_seed0/sunlight_v16,0.25356393371445113,0.40454886566991854,0.6496263586956522,0.25508681250682486,0.9769970723546634,7008,20465,165,31242,0.9290909776181495
sunlight,ds_v1_seed0,ds_v1_seed0/sunlight_v24,0.42517257556464044,0.596661180343287,0.7086616847826087,0.426860449468443,0.9907855692644073,12688,17036,118,29038,0.9510639865137337
sunlight,ds_v2_seed1,ds_v2_seed1/sunlight_v23,0.3005169948300517,0.46215004651949587,0.6760020380434782,0.3007485689123734,0.9974443227455275,8196,19056,21,31607,0.9629380485109423
sunlight,ds_v2_seed1,ds_v2_seed1/sunlight_v19,0.35345232503522783,0.5222974145410376,0.6727072010869565,0.3552880075542965,0.9855926653569089,10535,19117,154,29074,0.9428799791791169
sunlight,ds_v1_seed0,ds_v1_seed0/sunlight_v07,0.3213254454539052,0.48636836073874695,0.6726732336956521,0.32177868679032373,0.9956355701036552,9125,19233,40,30482,0.9538604469919347
sunlight,ds_v2_seed1,ds_v2_seed1/sunlight_v25,0.28099306140456426,0.43871129340304965,0.6955332880434782,0.2812638002328476,0.9965860597439545,7006,17903,24,33947,0.9689086556992967
sunlight,ds_v2_seed1,ds_v2_seed1/sunlight_v45,0.4992037407244265,0.6659585047235909,0.7489809782608695,0.5066717105715661,0.9713212025316456,14733,14345,435,29367,0.948584669267648
terrazzo,ds_v2_seed1,ds_v2_seed1/terrazzo_v37,0.6543166355271971,0.7910415956358677,0.8334578804347826,0.7398652688643521,0.8498237260198709,18561,6526,3280,30513,0.9239476027059975
terrazzo,ds_v2_seed1,ds_v2_seed1/terrazzo_v38,0.47005972996034734,0.6395110625512155,0.8206861413043478,0.4829311056105611,0.9463419563459984,9365,10027,531,38957,0.9483590966169013
terrazzo,ds_v1_seed0,ds_v1_seed0/terrazzo_v07,0.6343442147962141,0.7762675806642241,0.839249320652174,0.7177200804266107,0.8452154218355896,16420,6458,3007,32995,0.9287301063696328
terrazzo,ds_v1_seed0,ds_v1_seed0/terrazzo_v15,0.7011788098281494,0.8243446318250126,0.8213315217391305,0.84422024623803,0.8053833605220229,24685,4555,5965,23675,0.9141350685553704
terrazzo,ds_v1_seed0,ds_v1_seed0/terrazzo_v11,0.6798063397559619,0.8093865628042843,0.8337635869565218,0.8254617676266137,0.7939255014326647,20781,4394,5394,28311,0.9261551792842356
terrazzo,ds_v2_seed1,ds_v2_seed1/terrazzo_v13,0.702030124426981,0.8249326664101577,0.8145380434782609,0.934679938966795,0.7382496413199426,25728,1798,9122,22232,0.9435939819367349
terrazzo,ds_v1_seed0,ds_v1_seed0/terrazzo_v53,0.6427109609252296,0.7825003621613791,0.8725033967391305,0.7194842559539667,0.8576146322875651,13504,5265,2242,37869,0.9461973320540173
terrazzo,ds_v2_seed1,ds_v2_seed1/terrazzo_v03,0.38661923942041115,0.5576429757054474,0.8008491847826087,0.3927622489106175,0.9611183355006502,7391,11427,299,39763,0.9497931556650039
terrazzo,ds_v2_seed1,ds_v2_seed1/terrazzo_v10,0.6986797044950355,0.8226150022822944,0.7623980978260869,0.982880862925706,0.7072867608581894,32439,565,13425,12451,0.9517241350486423
terrazzo,ds_v1_seed0,ds_v1_seed0/terrazzo_v60,0.6716282812028562,0.8035617592202635,0.7227411684782609,0.9879282797798686,0.6771857951203683,33390,408,15917,9165,0.9454949708252526
terrazzo,ds_v2_seed1,ds_v2_seed1/terrazzo_v58,0.6586832609946138,0.7942242819761027,0.7782948369565217,0.8916890839586578,0.7159665776160973,25192,3060,9994,20634,0.8918025866574819
terrazzo,ds_v1_seed0,ds_v1_seed0/terrazzo_v49,0.716539899445662,0.8348654169670752,0.81328125,0.9770426100407819,0.7288104479177594,27791,653,10341,20095,0.9669589500231467
terrazzo,ds_v1_seed0,ds_v1_seed0/terrazzo_v03,0.7107579044879452,0.8309275118628611,0.7984884510869565,0.9226290307268757,0.75580671920365,29156,2445,9420,17859,0.9183938272180321
terrazzo,ds_v2_seed1,ds_v2_seed1/terrazzo_v40,0.67721685524189,0.8075483538402922,0.8541610054347826,0.7865874956339504,0.8296569191802902,18016,4888,3699,32277,0.9293468247265564
terrazzo,ds_v2_seed1,ds_v2_seed1/terrazzo_v07,0.6645033754802133,0.7984404060322227,0.8472316576086957,0.7764654608847243,0.8216954155520708,17816,5129,3866,32069,0.9312533461060566
terrazzo,ds_v2_seed1,ds_v2_seed1/terrazzo_v43,0.7204592186429061,0.8375196701392348,0.8614639945652174,0.9578549298341534,0.7440453017165104,21023,925,7232,29700,0.9714461489568399
terrazzo,ds_v2_seed1,ds_v2_seed1/terrazzo_v47,0.6594605639558643,0.7947890757751127,0.8584748641304348,0.7470141653550597,0.8490923441199685,16137,5465,2868,34410,0.9413971007464625
terrazzo,ds_v1_seed0,ds_v1_seed0/terrazzo_v19,0.7219785750233662,0.8385453634503778,0.868648097826087,0.9511271074067058,0.7497946688568655,20084,1032,6702,31062,0.970043944798699
terrazzo,ds_v1_seed0,ds_v1_seed0/terrazzo_v20,0.544898378156436,0.7054164673364164,0.8117527173913044,0.5718533201189296,0.9203828282127748,13271,9936,1148,34525,0.9296819252430245
terrazzo,ds_v1_seed0,ds_v1_seed0/terrazzo_v04,0.6801355127475951,0.8096198283855585,0.7803158967391305,0.9460649422124381,0.707571197036351,27504,1568,11367,18441,0.9303695601392432
terrazzo,ds_v2_seed1,ds_v2_seed1/terrazzo_v63,0.5325184404636459,0.6949586072224208,0.8116338315217392,0.5585075814508642,0.9196389576357549,12634,9987,1104,35155,0.9280495118559542
terrazzo,ds_v1_seed0,ds_v1_seed0/terrazzo_v05,0.7145512068851081,0.8335139878187261,0.7808763586956522,0.9722155328115593,0.7294471045261541,32297,923,11979,13681,0.9450819968609543
terrazzo,ds_v1_seed0,ds_v1_seed0/terrazzo_v22,0.6640805705474171,0.7981351171343353,0.8816066576086956,0.7384920422271046,0.8682585685483871,13781,4880,2091,38128,0.9519670298938194
terrazzo,ds_v2_seed1,ds_v2_seed1/terrazzo_v16,0.6173816198778755,0.7634334560132969,0.8307914402173913,0.6631192509177907,0.8995076096687556,16076,8167,1796,32841,0.9319324887826765
terrazzo,ds_v1_seed0,ds_v1_seed0/terrazzo_v42,0.6534122149156568,0.7903802923688795,0.7323539402173913,0.9669650122050447,0.6683313087686148,29710,1015,14744,13411,0.9215109009603972
terrazzo,ds_v1_seed0,ds_v1_seed0/terrazzo_v58,0.630175362002474,0.7731381257392818,0.8273607336956522,0.6987373431764089,0.8652712558697172,17321,7468,2697,31394,0.915984449747376
terrazzo,ds_v1_seed0,ds_v1_seed0/terrazzo_v23,0.7348227899306096,0.8471444970584014,0.8552649456521739,0.969377283362752,0.7522856869803447,23615,746,7776,26743,0.9714776971051785
terrazzo,ds_v2_seed1,ds_v2_seed1/terrazzo_v04,0.7178340149965917,0.8357431611319163,0.8875169836956521,0.9469454279772944,0.7479137073863636,16849,944,5679,35408,0.9758413079148218
terrazzo,ds_v1_seed0,ds_v1_seed0/terrazzo_v55,0.6652930258894586,0.7990101628319921,0.8192934782608695,0.7715234203998249,0.8285277756013476,21149,6263,4377,27091,0.9085833481901411
terrazzo,ds_v1_seed0,ds_v1_seed0/terrazzo_v41,0.4171165160429429,0.5886834446156479,0.8367866847826086,0.4217465963449037,0.9743553414565033,6877,9429,181,42393,0.9592275270388199
terrazzo,ds_v1_seed0,ds_v1_seed0/terrazzo_v47,0.5761544025276942,0.7310887836923969,0.8109035326086956,0.6025319479278634,0.9293828676696346,15135,9984,1150,32611,0.9336965218133116
terrazzo,ds_v2_seed1,ds_v2_seed1/terrazzo_v48,0.6952473704713673,0.8202311740239446,0.8671365489130435,0.8124089584850692,0.8282054851733259,17847,4121,3702,33210,0.9444600058838775
terrazzo,ds_v1_seed0,ds_v1_seed0/terrazzo_v18,0.6920127637470007,0.8179758197739865,0.7885360054347826,0.8936591598786137,0.7541107337322767,27976,3329,9122,18453,0.8985253141293804
terrazzo,ds_v1_seed0,ds_v1_seed0/terrazzo_v61,0.4426178466903294,0.6136314585401649,0.8479789402173913,0.44740983193806255,0.9763736263736263,7108,8779,172,42821,0.9667874073600817
terrazzo,ds_v2_seed1,ds_v2_seed1/terrazzo_v56,0.53667357470844,0.6984874127353501,0.8063519021739131,0.5573984975099181,0.9352074776943776,13207,10487,915,34271,0.9335939704800561
terrazzo,ds_v2_seed1,ds_v2_seed1/terrazzo_v55,0.6757590686338061,0.8065110089897723,0.7876188858695652,0.8919233401779603,0.7360275636137705,26062,3158,9347,20313,0.9043324196249523
terrazzo,ds_v2_seed1,ds_v2_seed1/terrazzo_v51,0.6647053022583084,0.7985861537853955,0.826766304347826,0.7929803921568628,0.8042717365364729,20221,5279,4921,28459,0.9153683360449926
terrazzo,ds_v2_seed1,ds_v2_seed1/terrazzo_v19,0.6315631563156315,0.7741816844428099,0.8122961956521739,0.7251119531519118,0.8303747534516766,18945,7182,3870,28883,0.901923328040275
terrazzo,ds_v2_seed1,ds_v2_seed1/terrazzo_v06,0.6750540855383591,0.8060087030818447,0.8341881793478261,0.7770583502547795,0.8371997027986461,20282,5819,3944,28835,0.9229844864077903
terrazzo,ds_v2_seed1,ds_v2_seed1/terrazzo_v53,0.670987930263746,0.8031032637774213,0.75,0.9872077345522707,0.6768731257468829,30020,389,14331,14140,0.9521299390941166
