view,scene,auc,iou,f1,accuracy,precision,recall
ds_v2_seed1/bedroom_v36,bedroom,0.9363954069785643,0.4300325430032543,0.6014304291287386,0.9167119565217391,0.5285714285714286,0.6975867269984917
ds_v2_seed1/bedroom_v60,bedroom,0.956812096508497,0.3834091265485338,0.554296077986851,0.9332201086956522,0.4399856037430268,0.7488514548238897
ds_v2_seed1/bedroom_v58,bedroom,0.8948438170512472,0.48985903048315194,0.6575911149450077,0.784273097826087,0.8670031276656242,0.5296595449018586
ds_v1_seed0/bedroom_v40,bedroom,0.9346885697376021,0.5725102243837736,0.7281481741819843,0.8686311141304348,0.7301755127934024,0.7261320622458993
ds_v1_seed0/bedroom_v61,bedroom,0.9608121436201353,0.4537641801306291,0.6242610546228422,0.919038722826087,0.5103092783505154,0.8037345240511468
ds_v1_seed0/bedroom_v12,bedroom,0.9339930388970499,0.5456039441248973,0.7060074428495481,0.8779042119565217,0.7508045577107071,0.6662550169805496
ds_v2_seed1/bedroom_v62,bedroom,0.9352885216287145,0.5540020263424519,0.7130003911852915,0.8878566576086957,0.7539988968560397,0.6762305218896859
ds_v1_seed0/bedroom_v32,bedroom,0.9489279274576768,0.5936288253892501,0.7450026203488808,0.8843070652173913,0.8029532800774631,0.6948537113330074
ds_v2_seed1/bedroom_v59,bedroom,0.9090516673235329,0.550990894483128,0.7105017784991539,0.8576256793478261,0.7679157957599283,0.6610757663389243
ds_v2_seed1/bedroom_v24,bedroom,0.8982069557240989,0.3915941094270665,0.5627993202533601,0.9038722826086957,0.6353331008022323,0.5051303383250139
ds_v1_seed0/bedroom_v46,bedroom,0.9592262706114012,0.3149115172613867,0.4789851075565361,0.9197860054347826,0.33874239350912777,0.817394578313253
ds_v1_seed0/bedroom_v58,bedroom,0.9493167955325262,0.4343841642228739,0.6056733963710708,0.921382472826087,0.5102626668580451,0.7449706621961442
ds_v1_seed0/bedroom_v14,bedroom,0.9425446845361914,0.5726702675855219,0.7282776045162053,0.8831012228260869,0.7239620124009104,0.7326449563145353
ds_v2_seed1/bedroom_v08,bedroom,0.9565979829983735,0.5383793237465992,0.6999305248531548,0.9193104619565218,0.6561278863232682,0.75
ds_v1_seed0/bedroom_v38,bedroom,0.9330630532966795,0.5453971170964222,0.7058342623560014,0.8655570652173913,0.8216819518947915,0.6186164669098488
ds_v2_seed1/bedroom_v47,bedroom,0.931371898109804,0.6125200213561132,0.7597053224070855,0.8520889945652174,0.8185385575836851,0.7087623558484349
ds_v1_seed0/bedroom_v31,bedroom,0.955471948854265,0.5788493377483444,0.7332546860663258,0.8963145380434783,0.7663013698630137,0.7029404372958029
ds_v2_seed1/bedroom_v50,bedroom,0.920232247284042,0.4970881452966143,0.6640733170699545,0.8269361413043478,0.8565354196785441,0.5422341857335128
ds_v2_seed1/bedroom_v39,bedroom,0.930069100292394,0.562517600675866,0.7200144183112552,0.841694972826087,0.8540582911708117,0.6223387683040814
ds_v1_seed0/bedroom_v48,bedroom,0.8688272303684326,0.46396488362596977,0.633847012063315,0.8216372282608696,0.7109894407508799,0.5718060011322891
ds_v2_seed1/bedroom_v12,bedroom,0.947406097931524,0.49344668792065177,0.6608159392789373,0.9028532608695652,0.5854171044337045,0.7585080315818132
ds_v2_seed1/bedroom_v11,bedroom,0.943733920932977,0.4442777247305961,0.6152247827729505,0.9308084239130435,0.5622302779216296,0.6792492179353493
ds_v1_seed0/bedroom_v07,bedroom,0.9146394802325234,0.41130239520958084,0.5828692654468312,0.8931385869565217,0.5357708714198659,0.6390463730193342
ds_v2_seed1/bedroom_v44,bedroom,0.9108037944972759,0.5227313486370158,0.686570679857492,0.8192085597826086,0.8864137459134798,0.5602594906295051
ds_v2_seed1/bedroom_v38,bedroom,0.938192569070777,0.5305126711331197,0.6932483227863159,0.8905061141304348,0.6514934716508675,0.7407219115404169
ds_v1_seed0/bedroom_v63,bedroom,0.9075761769813457,0.5272113098961592,0.6904235274842303,0.8716372282608695,0.747693399574166,0.641302693653934
ds_v2_seed1/bedroom_v63,bedroom,0.9355487656097812,0.6030368763557483,0.7523680649526386,0.838383152173913,0.8729468599033816,0.6610572526065484
ds_v2_seed1/bedroom_v04,bedroom,0.9649809342658844,0.37265637962502074,0.5429711108424997,0.9357846467391304,0.4171619613670134,0.7774316372447213
ds_v2_seed1/bedroom_v48,bedroom,0.8904785301038226,0.45513401527903663,0.6255561487809219,0.8570652173913044,0.7316819317235637,0.5463164438918247
ds_v2_seed1/bedroom_v13,bedroom,0.9449386711032497,0.5420904945633112,0.7030592516774707,0.9113111413043479,0.6957794034890264,0.7104930467762326
ds_v1_seed0/bedroom_v59,bedroom,0.8853784103458329,0.4885840586975345,0.6564413421503796,0.8094089673913043,0.8047590451884101,0.5542860097197808
ds_v1_seed0/bedroom_v54,bedroom,0.9515444865419316,0.4731098986749805,0.6423280423280424,0.8277853260869565,0.9150753768844221,0.49483695652173915
ds_v1_seed0/bedroom_v29,bedroom,0.9605852841642546,0.33828610919143054,0.5055512522592307,0.934952445652174,0.37409247229652276,0.7794585987261147
ds_v1_seed0/bedroom_v41,bedroom,0.9386143631522778,0.5614878948212282,0.71917034603142,0.8606487771739131,0.8526905283662041,0.6218039772727273
ds_v1_seed0/bedroom_v56,bedroom,0.9200871067284028,0.5725530024120858,0.7281827722612417,0.8284476902173913,0.8367346938775511,0.6445619551236245
ds_v2_seed1/bedroom_v55,bedroom,0.9319454943873766,0.556887704756266,0.7153858342576455,0.8474694293478261,0.865965935246279,0.6094163382106798
ds_v1_seed0/bedroom_v33,bedroom,0.9459201640693667,0.5128184963825102,0.6779643395539846,0.8947860054347826,0.6337220602526725,0.7288476584329943
ds_v2_seed1/bedroom_v14,bedroom,0.9412815381783005,0.5656624403861812,0.7225854383358098,0.8731657608695652,0.8239579803456455,0.6434241862926701
ds_v2_seed1/bedroom_v30,bedroom,0.8917224082383679,0.47501456027955735,0.6440811813946142,0.8469089673913044,0.7119413407821229,0.5880317231434751
ds_v2_seed1/blue_bathroom_v51,blue_bathroom,0.9904689835944485,0.8075100581135449,0.8935054656971856,0.9634341032608695,0.9227625664078464,0.8660466008246236
ds_v2_seed1/blue_bathroom_v23,blue_bathroom,0.9854787906938819,0.6819135543432648,0.8108782435129741,0.9613790760869565,0.8204308313699091,0.801545544228872
ds_v1_seed0/blue_bathroom_v42,blue_bathroom,0.9647904850965229,0.11396368190356919,0.20460933108487916,0.975968070652174,0.1337252020573108,0.4354066985645933
ds_v1_seed0/blue_bathroom_v14,blue_bathroom,0.9705842852070583,0.5792193662450701,0.7335514984498794,0.9474524456521739,0.6750673640830559,0.8031303036017349
ds_v1_seed0/blue_bathroom_v19,blue_bathroom,0.9887498630625103,0.7265368074879838,0.8416117216117217,0.96328125,0.8194008559201141,0.8650602409638555
ds_v2_seed1/blue_bathroom_v36,blue_bathroom,0.987336672306079,0.7722586691658857,0.8714965626652564,0.9587296195652174,0.8753851057048763,0.8676424133937033
ds_v2_seed1/blue_bathroom_v29,blue_bathroom,0.9696497419957197,0.6160543893129771,0.7624178906192338,0.9453294836956522,0.7654119739181979,0.759447140126452
ds_v1_seed0/blue_bathroom_v53,blue_bathroom,0.9671467374551757,0.21777950310559005,0.3576665604080332,0.9657778532608695,0.25864453665283543,0.5795454545454546
ds_v1_seed0/blue_bathroom_v11,blue_bathroom,0.9895253881522975,0.7093650574076635,0.8299749130047747,0.9643172554347826,0.7764990914597214,0.891361029028333
ds_v1_seed0/blue_bathroom_v50,blue_bathroom,0.9866249019332638,0.7241858116637213,0.8400322131927668,0.962890625,0.8547377830750894,0.8258240967324024
ds_v2_seed1/blue_bathroom_v10,blue_bathroom,0.9822322067165878,0.5616576819407008,0.7193096008629989,0.9558084239130434,0.6298885320234272,0.8383203419663062
ds_v1_seed0/blue_bathroom_v32,blue_bathroom,0.9868214347824623,0.7414558595766649,0.8515356338195186,0.9574728260869565,0.883163202558111,0.8220950200343445
ds_v1_seed0/blue_bathroom_v09,blue_bathroom,0.989891423230773,0.7542803865061875,0.8599313910228535,0.9507642663043478,0.955956601138683,0.7814365999297506
ds_v2_seed1/blue_bathroom_v41,blue_bathroom,0.9915003601176501,0.8041635267520724,0.8914530360778992,0.9646908967391304,0.9323940585408476,0.8539561868560568
ds_v1_seed0/blue_bathroom_v28,blue_bathroom,0.9902020428487405,0.6916471506635441,0.8177203507152746,0.9664572010869565,0.7490700033818058,0.9002235318024792
ds_v2_seed1/blue_bathroom_v33,blue_bathroom,0.949396300335011,0.09859154929577464,0.1794871794871795,0.9728260869565217,0.1513840830449827,0.22040302267002518
ds_v2_seed1/blue_bathroom_v09,blue_bathroom,0.9787713216944673,0.5468322074128172,0.7070349386213409,0.9578464673913043,0.7017338331771321,0.7124167459562322
ds_v2_seed1/blue_bathroom_v30,blue_bathroom,0.9848386778009797,0.6997293799270502,0.8233421016198256,0.9566576086956522,0.8972540736270368,0.7606804809414173
ds_v1_seed0/blue_bathroom_v18,blue_bathroom,0.9874689118569256,0.7340484352537875,0.8466296792296409,0.9591542119565217,0.8005306319343946,0.8983624306401408
ds_v1_seed0/blue_bathroom_v37,blue_bathroom,0.9713686716584631,0.6204454384493523,0.7657714647190752,0.9308254076086957,0.772927791966566,0.7587464387464388
ds_v1_seed0/blue_bathroom_v22,blue_bathroom,0.9852252936338818,0.7261299012271775,0.8413386509450321,0.9533797554347826,0.8312014618547282,0.8517261556465769
ds_v1_seed0/blue_bathroom_v03,blue_bathroom,0.9499454259378348,0.05402087170042971,0.1025043680838672,0.973828125,0.06929133858267716,0.19686800894854586
ds_v1_seed0/blue_bathroom_v29,blue_bathroom,0.9857779558162455,0.7351380042462845,0.8473539308657083,0.9491508152173913,0.806874453830469,0.8921095008051529
ds_v1_seed0/blue_bathroom_v16,blue_bathroom,0.9927165767725092,0.7764426085868068,0.8741544532130778,0.9696671195652173,0.8490281960032849,0.9008132442637234
ds_v1_seed0/blue_bathroom_v47,blue_bathroom,0.9886395932951236,0.7651588065447545,0.8669574700109051,0.9709918478260869,0.9094623304461513,0.8282482512278613
ds_v2_seed1/blue_bathroom_v48,blue_bathroom,0.9861515391692259,0.6886703489155328,0.8156362185879538,0.9607506793478261,0.7457330415754924,0.9
ds_v1_seed0/blue_bathroom_v43,blue_bathroom,0.9886753564319802,0.759651699538397,0.8634114350444166,0.9610903532608696,0.9212468193384223,0.8124088410187367
ds_v1_seed0/blue_bathroom_v44,blue_bathroom,0.9775282862815364,0.6650226606238336,0.7988151469057723,0.9573199728260869,0.8480367159612443,0.7549939467312349
ds_v1_seed0/blue_bathroom_v08,blue_bathroom,0.9844681972441826,0.723725834797891,0.8397226753670474,0.9466032608695653,0.8864492519642665,0.7976755447941889
ds_v2_seed1/blue_bathroom_v28,blue_bathroom,0.9902517091483047,0.4690215867675918,0.6385496183206106,0.9678328804347827,0.48619587329264746,0.9299610894941635
ds_v2_seed1/blue_bathroom_v07,blue_bathroom,0.9880391687451503,0.7181265336605143,0.8359413810233481,0.9551290760869565,0.776803231390652,0.9048259174620245
ds_v2_seed1/blue_bathroom_v20,blue_bathroom,0.9855215865747846,0.7483408071748879,0.8560582743408229,0.95234375,0.8548304477000307,0.8572896332066167
ds_v2_seed1/blue_bathroom_v53,blue_bathroom,0.9858104967753675,0.7152708124373119,0.8340033623273152,0.961430027173913,0.8507306889352818,0.817921146953405
ds_v2_seed1/blue_bathroom_v25,blue_bathroom,0.988529853798574,0.6788339049485547,0.8086969210564716,0.95546875,0.7189932537623248,0.9239746582194065
ds_v2_seed1/blue_bathroom_v56,blue_bathroom,0.9840424502451018,0.7160024650780608,0.8345005087687796,0.9530400815217391,0.8636025768087215,0.8072958888245513
ds_v1_seed0/computer_room_v17,computer_room,0.9734579135946249,0.7696665104987436,0.8698435619735259,0.9081521739130435,0.9039567805512481,0.8382114198246672
ds_v1_seed0/computer_room_v40,computer_room,0.979179998216515,0.7095393759286776,0.830094218266523,0.9170006793478261,0.7386005073315597,0.9474603174603174
ds_v2_seed1/computer_room_v29,computer_room,0.9708972329640063,0.5942139322421013,0.7454632282712512,0.8913722826086956,0.6217059409226684,0.9307363609261652
ds_v2_seed1/computer_room_v43,computer_room,0.9697718357685536,0.745512845579322,0.8542049374971996,0.8894701086956521,0.9464356632247816,0.7783538825834898
ds_v1_seed0/computer_room_v43,computer_room,0.9795825066061717,0.7784156142365097,0.8754034861200776,0.9278872282608696,0.8691801177087582,0.8817166164213514
ds_v2_seed1/computer_room_v39,computer_room,0.9803105622830565,0.7546228074345201,0.8601538794971826,0.9123301630434782,0.7831384736816142,0.9539691124331471
ds_v1_seed0/computer_room_v59,computer_room,0.9814863272117627,0.79300306700629,0.8845529398121303,0.9323709239130434,0.8826081925480213,0.8865062761506276
ds_v2_seed1/computer_room_v07,computer_room,0.9746131827352718,0.6908604968032701,0.8171703083836974,0.8998131793478261,0.71838046972917,0.9474629869196493
ds_v2_seed1/computer_room_v36,computer_room,0.973702165386084,0.6177299088649544,0.7636996824746493,0.9216372282608696,0.6753011502581288,0.8787271655863288
ds_v1_seed0/computer_room_v04,computer_room,0.9667539700791795,0.7022950413479109,0.8251155343692006,0.8367527173913043,0.9832617839642687,0.710792765117081
ds_v2_seed1/computer_room_v40,computer_room,0.976796220442426,0.7300527786401738,0.843965903992822,0.9113960597826087,0.7791153570048043,0.9205924572621689
ds_v2_seed1/computer_room_v16,computer_room,0.9684977183748593,0.7808003911160777,0.8769095009314639,0.8933933423913043,0.9204264778527911,0.837321649252893
ds_v2_seed1/computer_room_v56,computer_room,0.9714994393222128,0.7146250252678391,0.8335642076100092,0.9040930706521739,0.7752741228070176,0.9013321435400599
ds_v1_seed0/computer_room_v42,computer_room,0.9762238030488951,0.7603226133712083,0.863844624384059,0.9197520380434783,0.8702897288509551,0.8574942791762014
ds_v2_seed1/computer_room_v06,computer_room,0.9749516751408526,0.7135526568194898,0.8328342335786852,0.8985563858695652,0.7467503136762861,0.9413513855497913
ds_v2_seed1/computer_room_v63,computer_room,0.9734506555343074,0.8042121684867395,0.8914829226113273,0.9104789402173913,0.8955575777630708,0.887445177685781
ds_v1_seed0/computer_room_v12,computer_room,0.9796649944482195,0.7822739562806471,0.8778380602195881,0.9193104619565218,0.8286810039322298,0.9331948392739996
ds_v2_seed1/computer_room_v24,computer_room,0.9649268932555659,0.7298621129264937,0.8438384857065281,0.8632472826086957,0.9677491103202847,0.7480572175228664
ds_v2_seed1/computer_room_v48,computer_room,0.9712798937159485,0.728360551223579,0.842834037964986,0.9059273097826087,0.7892862836796514,0.9041763058565688
ds_v1_seed0/computer_room_v29,computer_room,0.9841709054932058,0.6494366286841938,0.7874647832966694,0.9064707880434782,0.6596405017457649,0.9767352800382958
ds_v1_seed0/computer_room_v64,computer_room,0.966843201488906,0.7596941167983263,0.8634388324040668,0.8868546195652174,0.9267766776677667,0.808204459112015
ds_v1_seed0/computer_room_v26,computer_room,0.965902956240582,0.6533687490422434,0.7903484923381118,0.8847486413043478,0.6908079498811839,0.9234045625180479
ds_v2_seed1/computer_room_v22,computer_room,0.977761970902425,0.7959378634324639,0.8863757256180763,0.9165591032608695,0.8570981304231148,0.9177242469230401
ds_v1_seed0/computer_room_v58,computer_room,0.9711600066595046,0.6323232323232323,0.7747524752475247,0.8887228260869565,0.6524231370505471,0.9535415079969536
ds_v2_seed1/computer_room_v25,computer_room,0.9695485658861475,0.6183252427184466,0.7641544806899137,0.9145380434782608,0.6849269030415056,0.8641085435658258
ds_v1_seed0/computer_room_v53,computer_room,0.9742013333693685,0.7165525304827125,0.8348739904641432,0.9135360054347826,0.7698749775677454,0.9118605639790279
ds_v2_seed1/computer_room_v10,computer_room,0.9713044171967278,0.7893337328189955,0.8822655252527366,0.9044667119565217,0.924264351181862,0.8439176743813566
ds_v1_seed0/computer_room_v50,computer_room,0.9678011026223159,0.5837100718891277,0.7371425897327905,0.9046025815217391,0.627970020730346,0.8922623767984593
ds_v1_seed0/computer_room_v25,computer_room,0.9818800058371456,0.6655001049905509,0.7991594872872452,0.9188349184782608,0.6907373774064657,0.9479561316051844
ds_v1_seed0/computer_room_v62,computer_room,0.9794717252148255,0.5824650932029202,0.736149057195324,0.8999490489130435,0.5895688356410073,0.9797329518359561
ds_v1_seed0/computer_room_v08,computer_room,0.9761903206599363,0.8045808024142067,0.89170936689321,0.9142153532608696,0.8874285226593838,0.8960317118359257
ds_v2_seed1/computer_room_v55,computer_room,0.977788460332496,0.8028187829804289,0.8906261578362357,0.8997282608695653,0.9519246000316807,0.8367446393762183
ds_v1_seed0/computer_room_v48,computer_room,0.9748092425540251,0.6948968512486428,0.8199871877001921,0.9045516304347826,0.7336504843239525,0.9293545342336456
ds_v2_seed1/computer_room_v02,computer_room,0.9729494981034501,0.6092433398587114,0.7571798804675517,0.9220278532608696,0.6702247191011236,0.8700619910052267
ds_v1_seed0/computer_room_v28,computer_room,0.975993657948975,0.6688754887018753,0.8015882469724042,0.915132472826087,0.7145182982940469,0.9128232953517815
ds_v2_seed1/computer_room_v49,computer_room,0.9690400581158538,0.7777309152256432,0.8749703440094898,0.8925951086956522,0.923346547047778,0.8314108585384182
ds_v2_seed1/computer_room_v08,computer_room,0.9751099570128077,0.7400251572327045,0.8505913310007808,0.9122452445652174,0.7983065566652193,0.9102048394083793
ds_v1_seed0/computer_room_v16,computer_room,0.977463906549276,0.7732375847071913,0.8721195528177048,0.8857676630434783,0.9667425392008093,0.7943682460515378
ds_v2_seed1/computer_room_v46,computer_room,0.9736210392896444,0.7217455002092926,0.838388135902267,0.9096807065217392,0.7808661194452307,0.9050587231808936
ds_v2_seed1/green_house_v56,green_house,0.9580767707040058,0.2640061396776669,0.4177292046144505,0.7882642663043479,0.26590557735759307,0.9736555628129763
ds_v2_seed1/green_house_v33,green_house,0.9718496602936524,0.4386357851870705,0.6097940697756705,0.8127038043478261,0.44047436487246333,0.9905736291527761
ds_v1_seed0/green_house_v38,green_house,0.9857996696491585,0.476690199071424,0.6456197777586355,0.860258152173913,0.4780584258196198,0.9940318302387268
ds_v2_seed1/green_house_v52,green_house,0.9733975345584661,0.35869837296620777,0.528002947678703,0.7824388586956522,0.35997789389067525,0.990187949143173
ds_v2_seed1/green_house_v11,green_house,0.9603621565822063,0.521471211245908,0.6854828502721175,0.8311820652173914,0.5312668595811467,0.9658493089612127
ds_v1_seed0/green_house_v61,green_house,0.976665891075263,0.431398583712696,0.6027651398029948,0.847265625,0.43210892970234327,0.9962038253759673
ds_v1_seed0/green_house_v37,green_house,0.9666773314662088,0.43080037525304893,0.6021809648699014,0.8042119565217392,0.432873586028974,0.9890047608252097
ds_v2_seed1/green_house_v04,green_house,0.9712272816809001,0.5071075401730532,0.6729546852573304,0.8645550271739131,0.5140011276075925,0.974234148658276
ds_v1_seed0/green_house_v62,green_house,0.9741686912286643,0.45436007512744836,0.6248247361818315,0.8273097826086957,0.45654049390704193,0.9895979429640018
ds_v1_seed0/green_house_v56,green_house,0.9720057066408085,0.4535467844327905,0.6240552960388895,0.8318783967391304,0.45619100499722376,0.9873813243600529
ds_v1_seed0/green_house_v36,green_house,0.9646342733314116,0.36153354003641913,0.5310681366347371,0.7796705163043478,0.363753404307997,0.9834002677376171
ds_v1_seed0/green_house_v06,green_house,0.963548183793338,0.5106133876304403,0.676034505998113,0.83671875,0.5220129059117402,0.9589866156787763
ds_v2_seed1/green_house_v63,green_house,0.9735757456840942,0.36142569985782225,0.5309517807627211,0.7787873641304348,0.36254549031179306,0.9915265635507734
ds_v2_seed1/green_house_v08,green_house,0.9724691065253919,0.5025792188651437,0.6689553702795488,0.8395040760869565,0.506283472082295,0.9856508723030866
ds_v2_seed1/green_house_v13,green_house,0.969418214172633,0.4991566572961922,0.6659166070028297,0.8335767663043478,0.5039475721141442,0.9813102893890675
ds_v1_seed0/green_house_v20,green_house,0.9643629934008402,0.38170184220031994,0.5525097101882283,0.7965013586956522,0.3828278646102888,0.9923530990072444
ds_v2_seed1/green_house_v41,green_house,0.9682477155661815,0.4443677253896232,0.615311070135901,0.8086616847826087,0.447301792185871,0.9854533522913704
ds_v2_seed1/green_house_v45,green_house,0.9580875949014059,0.3974594429139884,0.5688314532909868,0.7994055706521739,0.40205387552895033,0.9720524017467249
ds_v2_seed1/green_house_v59,green_house,0.8538511026479809,0.28391909482327027,0.44226944823552344,0.7570822010869566,0.3055824981140209,0.8001975448003387
ds_v2_seed1/green_house_v27,green_house,0.9647545693791005,0.40160275918036115,0.5730621697908374,0.7996263586956521,0.4040620534803021,0.9850709131624782
ds_v2_seed1/green_house_v55,green_house,0.9789370475436527,0.49114477755254454,0.6587486137444998,0.837992527173913,0.4934876989869754,0.9904259896729777
ds_v1_seed0/green_house_v52,green_house,0.9695277984409165,0.47368421052631576,0.6428571428571429,0.8220108695652174,0.4790735473384803,0.9768019884009942
ds_v2_seed1/green_house_v36,green_house,0.9620364538870008,0.5139722019019751,0.6789717819868574,0.8307404891304347,0.5221462544589774,0.9704419889502762
ds_v1_seed0/green_house_v10,green_house,0.9604260004328479,0.3673317865429234,0.5372972239190932,0.7684442934782608,0.369854693267299,0.9817685724916284
ds_v2_seed1/green_house_v37,green_house,0.960247777222625,0.4934985105678755,0.6608624073956817,0.8180706521739131,0.5019719122739515,0.9669260700389105
ds_v2_seed1/green_house_v40,green_house,0.9697340127083977,0.454265873015873,0.6247356572753939,0.8131453804347826,0.4574654078625306,0.984837079255834
ds_v2_seed1/green_house_v09,green_house,0.9630381513864481,0.3369690298694151,0.5040790360002994,0.7749320652173913,0.3391580219558868,0.9812062937062938
ds_v2_seed1/green_house_v28,green_house,0.9842099080652238,0.4894767707043722,0.6572465987138545,0.8669327445652174,0.4905635734343368,0.9954943016167506
ds_v2_seed1/green_house_v24,green_house,0.9747103325941401,0.44435732287874546,0.6153010973670945,0.8315047554347826,0.44610626932808545,0.9912543728135932
ds_v2_seed1/green_house_v46,green_house,0.9654976555121604,0.5049103663289166,0.6710171949451004,0.8381793478260869,0.5124189210567948,0.9717971797179717
ds_v1_seed0/green_house_v30,green_house,0.9642890068258192,0.5449743750653697,0.7054801475814915,0.8522248641304347,0.5575410625434701,0.9602838186509399
ds_v1_seed0/green_house_v16,green_house,0.9563165747626294,0.505669949268875,0.6716876424536715,0.8311990489130435,0.5185657451800469,0.953126464797975
ds_v1_seed0/green_house_v09,green_house,0.974141384259896,0.48407984160111306,0.652363610139545,0.8362601902173913,0.4873134730377633,0.9864776444929116
ds_v2_seed1/green_house_v51,green_house,0.9691025961603305,0.34873301140040824,0.5171268271076332,0.7778192934782608,0.349987509367974,0.989826197541331
ds_v2_seed1/green_house_v42,green_house,0.9595676502592951,0.4106322772185369,0.5821960603768621,0.7842221467391305,0.41504126031507876,0.9747825129391037
ds_v2_seed1/green_house_v30,green_house,0.983342138634147,0.5112796833773087,0.6766182183230762,0.8741677989130435,0.5135493275028159,0.9914300332565874
ds_v1_seed0/green_house_v44,green_house,0.9613891584595605,0.3652541488362384,0.5350712893238027,0.7934273097826087,0.36765246624993436,0.9824536777091522
ds_v2_seed1/green_house_v07,green_house,0.9790082858034839,0.472682119205298,0.6419336706014616,0.848539402173913,0.4744213649851632,0.9923038728897716
ds_v2_seed1/gym_v06,gym,0.9639181228573906,0.5561673246069673,0.7147911613520549,0.782319972826087,0.561671620912747,0.9826847772883015
ds_v2_seed1/gym_v26,gym,0.957974420252974,0.5557207039827045,0.7144222000260564,0.7766304347826087,0.5623312254315501,0.9792844812191202
ds_v2_seed1/gym_v51,gym,0.9718075707158244,0.6461434639355326,0.7850390662679656,0.8486073369565217,0.6597089936367689,0.9691574873474248
ds_v2_seed1/gym_v01,gym,0.9660737585612279,0.6385500535609385,0.7794086633767767,0.8223505434782609,0.6514718843645337,0.9698735107332178
ds_v2_seed1/gym_v17,gym,0.9636430493071196,0.667224365759552,0.8004014090276071,0.834476902173913,0.6848801345857283,0.9628005518328735
ds_v2_seed1/gym_v04,gym,0.9718057091540054,0.40483021229982785,0.5763404128917273,0.8062160326086957,0.4077226162332545,0.982778270229201
ds_v2_seed1/gym_v54,gym,0.9634970711963279,0.5358240718846062,0.6977675134719015,0.7666270380434783,0.5407377105065794,0.9833240344677949
ds_v2_seed1/gym_v35,gym,0.9642281637360814,0.5255880548169359,0.6890301128898185,0.8030400815217391,0.5312383708910482,0.9801647848642051
ds_v2_seed1/gym_v25,gym,0.9691553387464977,0.5501469431681775,0.709799732977303,0.8154211956521739,0.5574148632779735,0.9768484492135823
ds_v1_seed0/gym_v49,gym,0.9610214479640284,0.5597409642639181,0.717735799839141,0.7794667119565217,0.5671246994160083,0.977268691173859
ds_v1_seed0/gym_v27,gym,0.9696393645958726,0.5129883006147135,0.6781127129750983,0.7914402173913043,0.5160994294378167,0.9883854206464431
ds_v2_seed1/gym_v24,gym,0.950438716309449,0.5271446813450451,0.6903663913241778,0.7924592391304348,0.5376934006946638,0.9641188959660297
ds_v1_seed0/gym_v01,gym,0.9668320192831923,0.5773767037150335,0.7320720565419755,0.7888247282608696,0.582644486365975,0.9845823914681505
ds_v1_seed0/gym_v55,gym,0.9617607895958539,0.505555764812234,0.6715869005028646,0.7770550271739131,0.5125443922556994,0.9737376668601276
ds_v2_seed1/gym_v55,gym,0.9492312867301191,0.38639156039486505,0.5574061057971457,0.7540251358695652,0.38962703464775494,0.9789609274366681
ds_v2_seed1/gym_v09,gym,0.9589802091342449,0.4999493499915583,0.6666216429166386,0.7484884510869565,0.5042572031877938,0.9831994156318481
ds_v1_seed0/gym_v59,gym,0.9664415371302079,0.4947755504731154,0.6620064802592104,0.8086616847826087,0.49959246513312805,0.9808854907539118
ds_v2_seed1/gym_v40,gym,0.9719228279410634,0.645912067352666,0.7848682565303384,0.8392832880434783,0.6561252803223232,0.9764679262359995
ds_v2_seed1/gym_v05,gym,0.9769898882402465,0.5549106203995794,0.7137524345379788,0.8202785326086957,0.559333531182431,0.9859502279351319
ds_v2_seed1/gym_v33,gym,0.9715010618348711,0.5544137217211297,0.7133412604042806,0.7952785326086956,0.5580858822653866,0.9882709541381128
ds_v1_seed0/gym_v22,gym,0.9607393309194104,0.39831709882471306,0.5697092585930602,0.7765455163043479,0.40003674275478807,0.9893230349840981
ds_v2_seed1/gym_v49,gym,0.9502311677611629,0.5445585498656007,0.7051316376617581,0.7755434782608696,0.5555086831188919,0.9650665689507756
ds_v1_seed0/gym_v04,gym,0.9469848594361324,0.48464204142710876,0.6528739290734994,0.777734375,0.4933654038885548,0.9648008780181875
ds_v1_seed0/gym_v20,gym,0.959023103635972,0.5646437994722955,0.7217537942664418,0.7898267663043478,0.5721721150761113,0.9772284461763273
ds_v1_seed0/gym_v30,gym,0.9683357852175551,0.41128689492325854,0.5828537009771114,0.78828125,0.4131404174573055,0.9892094502498864
ds_v1_seed0/gym_v42,gym,0.9748151075422802,0.637811830348118,0.7788584970869952,0.8478600543478261,0.6487231155158942,0.9743067136063245
ds_v1_seed0/gym_v31,gym,0.9501315341151889,0.47348609918774354,0.642674673956886,0.7291779891304347,0.4788139837724131,0.9770389044082578
ds_v1_seed0/gym_v03,gym,0.9524745874907139,0.49148418491484186,0.6590538336052202,0.7408797554347826,0.49569718972704047,0.9830011332577828
ds_v1_seed0/gym_v63,gym,0.9725664755481528,0.5702590056564454,0.7263247701203905,0.8038722826086957,0.5742551995503091,0.9879440397137516
ds_v2_seed1/gym_v63,gym,0.94944140413505,0.414654454621149,0.5862271924661565,0.725390625,0.417222161512403,0.9853750860289057
ds_v2_seed1/gym_v13,gym,0.9722985691213905,0.5105379694931934,0.6759684030511144,0.797265625,0.5129567832571169,0.9908483208658284
ds_v2_seed1/gym_v37,gym,0.9658785561179587,0.5123353892315385,0.6775420225957564,0.8012567934782608,0.5175331509155967,0.9807738332668529
ds_v1_seed0/gym_v50,gym,0.9697103010484526,0.49846153846153846,0.6652977412731006,0.7813009510869565,0.5008021913519859,0.990710636321412
ds_v2_seed1/gym_v58,gym,0.9452344753941825,0.39955792963713394,0.5709773367376484,0.7231827445652174,0.40246391331774833,0.9822495924651331
ds_v1_seed0/gym_v07,gym,0.951273184221106,0.4356302405023981,0.6068836225544393,0.7222146739130435,0.43804864508518093,0.9874853343762221
ds_v1_seed0/gym_v39,gym,0.9743467565601267,0.631518199431139,0.7741479067182091,0.8481827445652174,0.6419442698512466,0.9749268168512155
ds_v1_seed0/gym_v09,gym,0.9735698606005996,0.6151596767987687,0.7617323359855163,0.8301290760869565,0.6235569422776911,0.9785775492716366
ds_v2_seed1/gym_v41,gym,0.9618384646631519,0.6241902265493353,0.7686171439110988,0.8295516304347826,0.6416089299461124,0.958318960561113
ds_v2_seed1/living_room_contemp_v02,living_room_contemp,0.9637773781902647,0.4991326194891428,0.6658952156737561,0.8577955163043478,0.5135717363205515,0.9466757431359202
ds_v2_seed1/living_room_contemp_v51,living_room_contemp,0.9659745333373082,0.566513397811955,0.7232793522267206,0.8606997282608696,0.5885033490721423,0.9381235778050061
ds_v1_seed0/living_room_contemp_v64,living_room_contemp,0.94602755717089,0.6876266226457567,0.8149037392734871,0.85859375,0.7522574289935972,0.8889320011640315
ds_v2_seed1/living_room_contemp_v06,living_room_contemp,0.9719450854438241,0.581722569641842,0.7355557552340731,0.8500509510869565,0.5945671121441023,0.9641931684334512
ds_v1_seed0/living_room_contemp_v01,living_room_contemp,0.9603819923861837,0.7040109034267913,0.826298590004342,0.8709069293478261,0.7495439469320067,0.9205662202759815
ds_v1_seed0/living_room_contemp_v40,living_room_contemp,0.9699380789749771,0.39042165538781887,0.561587420441782,0.8607846467391305,0.3963161470521627,0.963302752293578
ds_v2_seed1/living_room_contemp_v57,living_room_contemp,0.9692020943030423,0.6558510169939245,0.7921618675387518,0.8672384510869565,0.6802593725740902,0.9481288187372708
ds_v1_seed0/living_room_contemp_v41,living_room_contemp,0.9742841518306923,0.5515246592803216,0.7109453993933266,0.844633152173913,0.5622469888550152,0.9665778846979981
ds_v1_seed0/living_room_contemp_v62,living_room_contemp,0.9750686845176199,0.3027530299381973,0.46478960014786525,0.8524626358695652,0.30569738228381554,0.9691675231243576
ds_v2_seed1/living_room_contemp_v56,living_room_contemp,0.9612362848008629,0.7228169014084507,0.8391105297580118,0.8746603260869565,0.7671609662760105,0.9259526558891455
ds_v2_seed1/living_room_contemp_v61,living_room_contemp,0.93818162173358,0.6761887800534283,0.8068169744363459,0.845601222826087,0.7405211421438602,0.886150399103767
ds_v2_seed1/living_room_contemp_v41,living_room_contemp,0.9658550502019455,0.6152239939255885,0.761781642966271,0.8622961956521739,0.63871508104646,0.9435912366256641
ds_v1_seed0/living_room_contemp_v47,living_room_contemp,0.949224418000289,0.22110552763819097,0.3621399176954732,0.8288892663043478,0.2239273410585656,0.9460800529275554
ds_v2_seed1/living_room_contemp_v33,living_room_contemp,0.9697604681743591,0.5263075066883491,0.6896480615892219,0.8466372282608695,0.5380778719296364,0.9600956937799043
ds_v2_seed1/living_room_contemp_v42,living_room_contemp,0.9695947538458186,0.5928589909443726,0.7443960756286141,0.8663722826086957,0.6119211664797308,0.9500787793349366
ds_v2_seed1/living_room_contemp_v35,living_room_contemp,0.9519087332809295,0.40579873012305445,0.5773212358607459,0.8203974184782609,0.4153916944668124,0.9461548539237521
ds_v1_seed0/living_room_contemp_v21,living_room_contemp,0.967745426655271,0.3939393939393939,0.5652173913043479,0.8406929347826086,0.3995412844036697,0.9656319290465631
ds_v1_seed0/living_room_contemp_v17,living_room_contemp,0.943419373161251,0.7049469964664311,0.8269430051813472,0.8610224184782609,0.7831677615766705,0.8759016173110524
ds_v1_seed0/living_room_contemp_v36,living_room_contemp,0.9262622087910645,0.6720646369373743,0.8038739915800827,0.8393851902173913,0.7586112415844685,0.8548806845750078
ds_v1_seed0/living_room_contemp_v15,living_room_contemp,0.9671533780851032,0.5034622529978044,0.6697371377218602,0.850203804347826,0.515981998615278,0.9540217623213143
ds_v1_seed0/living_room_contemp_v28,living_room_contemp,0.9715305512532604,0.49386370644465,0.6611897783098708,0.8606148097826087,0.5057790690330323,0.9544696066746127
ds_v1_seed0/living_room_contemp_v65,living_room_contemp,0.9645129225350546,0.46671565925653746,0.6364091858037578,0.8521059782608695,0.47879625557579947,0.9487115647952197
ds_v2_seed1/living_room_contemp_v17,living_room_contemp,0.9586822792436116,0.7077399866619591,0.8288615271524395,0.8734714673913043,0.7580252100840336,0.914301642002838
ds_v2_seed1/living_room_contemp_v22,living_room_contemp,0.9690781045062111,0.6155800553513906,0.7620545367744109,0.8560971467391304,0.6366963866729235,0.9488775438841877
ds_v1_seed0/living_room_contemp_v08,living_room_contemp,0.9336698071393851,0.3852339575800097,0.5562005688237815,0.806538722826087,0.39659962218024225,0.9307602034163516
ds_v1_seed0/living_room_contemp_v35,living_room_contemp,0.96657458015772,0.5403656683495907,0.7016070007955449,0.8407438858695652,0.5550297049642533,0.9533857995329932
ds_v1_seed0/living_room_contemp_v30,living_room_contemp,0.9440990064967674,0.2542233209723939,0.4053876478318003,0.846297554347826,0.2600741864778284,0.9187016081000595
ds_v1_seed0/living_room_contemp_v19,living_room_contemp,0.9483543335447636,0.6228291073289337,0.7675843433127324,0.8524626358695652,0.6694511853649431,0.899429431312308
ds_v2_seed1/living_room_contemp_v60,living_room_contemp,0.960693066516015,0.7184849763997083,0.8361841811442098,0.8754076086956522,0.7677451100996433,0.9180191223339054
ds_v2_seed1/living_room_contemp_v26,living_room_contemp,0.9611606731619045,0.7300875352673081,0.8439891281622411,0.8732676630434782,0.77508544218732,0.926338978383588
ds_v1_seed0/living_room_contemp_v50,living_room_contemp,0.96615794355683,0.4925042872157991,0.6599703484062268,0.8441915760869565,0.503449445826736,0.957723752151463
ds_v1_seed0/living_room_contemp_v10,living_room_contemp,0.9327713030435907,0.6882691007437458,0.8153547327739843,0.8433933423913044,0.7683801328502415,0.8684468711342405
ds_v1_seed0/living_room_contemp_v54,living_room_contemp,0.9502283255695544,0.6980828385435296,0.8222011585044761,0.856640625,0.750278706800446,0.9093747087876246
ds_v1_seed0/living_room_contemp_v12,living_room_contemp,0.9688597591724897,0.546455817713333,0.7067202456793752,0.8475373641304348,0.5589952969145692,0.9605683836589698
ds_v1_seed0/living_room_contemp_v16,living_room_contemp,0.9100933618298526,0.2795969773299748,0.4370078740157481,0.795991847826087,0.29173967459324157,0.8704256908140403
ds_v2_seed1/living_room_contemp_v13,living_room_contemp,0.9635919118048044,0.47728200641586466,0.6461623499684144,0.8477921195652174,0.4886540069270274,0.9535073409461664
ds_v1_seed0/living_room_contemp_v03,living_room_contemp,0.9585480322859181,0.5541428985787489,0.713117048741796,0.843359375,0.5745864661654135,0.9396671858349045
ds_v2_seed1/living_room_contemp_v55,living_room_contemp,0.9264571226264706,0.2504391012052571,0.4005618521747554,0.7898097826086956,0.25784124212758,0.8971577348665655
ds_v1_seed0/living_room_contemp_v06,living_room_contemp,0.9153892016222265,0.2944174195042854,0.4549033643521832,0.793070652173913,0.30587810601046866,0.8871052172395743
ds_v1_seed0/living_room_contemp_v39,living_room_contemp,0.9713121785433205,0.5690569640394612,0.7253490180171044,0.8620074728260869,0.5837323177366703,0.9576899044898688
ds_v1_seed0/livingroom_v53,livingroom,0.9305260734299412,0.5196092312048705,0.6838721699431659,0.8271229619565217,0.5533497512187767,0.8949764265973013
ds_v2_seed1/livingroom_v60,livingroom,0.9505799787386575,0.5775559149980478,0.732216093904681,0.8713654891304348,0.6220340001201418,0.8898341496949386
ds_v1_seed0/livingroom_v16,livingroom,0.9323177290273574,0.5717160728855045,0.7275055370985604,0.8662703804347827,0.6608198164214761,0.8091608929946112
ds_v2_seed1/livingroom_v61,livingroom,0.9085257049452576,0.45756240822320116,0.6278460608502922,0.8117866847826087,0.4922850071093791,0.8664380387431644
ds_v1_seed0/livingroom_v12,livingroom,0.9606434647333527,0.6099394332684404,0.7577172416109638,0.8774966032608695,0.6430444697833524,0.9221649905976617
ds_v1_seed0/livingroom_v59,livingroom,0.8971692210517789,0.5086570945945946,0.6743177046885934,0.8023947010869565,0.5575098356861837,0.8530453257790368
ds_v2_seed1/livingroom_v25,livingroom,0.9428219051270459,0.5587269361676718,0.7169016242721421,0.8744904891304348,0.6142988445378151,0.8606512141280354
ds_v2_seed1/livingroom_v52,livingroom,0.927416922194714,0.5381630648330059,0.6997477408436313,0.8403023097826087,0.5847787799541015,0.8709856915739269
ds_v1_seed0/livingroom_v15,livingroom,0.9563674553913919,0.5739917880645705,0.7293453401943969,0.8713654891304348,0.6017099056603774,0.9257075471698113
ds_v1_seed0/livingroom_v43,livingroom,0.8851076905479984,0.4015160878342191,0.5729739263352832,0.7532778532608696,0.42019487798568594,0.900323325635104
ds_v1_seed0/livingroom_v27,livingroom,0.9470240119387767,0.5559757488444684,0.7146329231125343,0.8743716032608696,0.5888860630722279,0.9086628078092809
ds_v2_seed1/livingroom_v40,livingroom,0.9190058413987799,0.5278615743639364,0.6909808888723316,0.8591202445652174,0.6036188492580057,0.8079100966983187
ds_v2_seed1/livingroom_v59,livingroom,0.8926080971927653,0.45069858503159205,0.6213538631414287,0.7903362771739131,0.4870179824983171,0.8580262600592969
ds_v1_seed0/livingroom_v20,livingroom,0.9488953422780982,0.5458281315022888,0.7061951071777097,0.8517153532608696,0.5745496358758145,0.9160991793259996
ds_v1_seed0/livingroom_v62,livingroom,0.9433750209539459,0.5463193168306129,0.7066060817895841,0.8574388586956522,0.5887698042870456,0.8834119909106799
ds_v1_seed0/livingroom_v39,livingroom,0.9686611948486243,0.5524890050353751,0.7117461099478589,0.880757472826087,0.56913985554826,0.9497096526788649
ds_v2_seed1/livingroom_v11,livingroom,0.9410080916429715,0.5798972927157601,0.7340949255238575,0.8568953804347826,0.617389458039174,0.9052066308662152
ds_v1_seed0/livingroom_v41,livingroom,0.9548439264631966,0.6388934004655947,0.7796643763213531,0.88671875,0.7069006828800767,0.8691265282073943
ds_v2_seed1/livingroom_v43,livingroom,0.9151970992077912,0.5717503217503217,0.7275332650972366,0.8417629076086957,0.6722330306960658,0.7927474348352559
ds_v2_seed1/livingroom_v02,livingroom,0.9443501347568621,0.5537743506493507,0.7128118061904141,0.8879585597826087,0.6376664849287328,0.8080339518357679
ds_v1_seed0/livingroom_v14,livingroom,0.9590066509493851,0.5763385550619593,0.7312370216552954,0.8769021739130435,0.6066572325109211,0.920205319645357
ds_v1_seed0/livingroom_v61,livingroom,0.9274630614753933,0.3318569780853518,0.4983372592489954,0.7540421195652174,0.3340454186597316,0.9806407634628493
ds_v2_seed1/livingroom_v46,livingroom,0.966135771424714,0.6237678319965714,0.7682968213868255,0.8956351902173914,0.6641027312430741,0.9112701252236136
ds_v1_seed0/livingroom_v22,livingroom,0.9575312721728724,0.5064106422681033,0.6723407656037721,0.860733695652174,0.526371770005631,0.9303328541413248
ds_v2_seed1/livingroom_v38,livingroom,0.9510565383643961,0.530934201661801,0.6936081264439474,0.8581012228260869,0.5565560263653484,0.9202101780675295
ds_v2_seed1/livingroom_v09,livingroom,0.8881306747546273,0.46388129636860603,0.6337690050680181,0.7668138586956522,0.4983430513024875,0.8702659145850121
ds_v2_seed1/livingroom_v07,livingroom,0.9484762676624766,0.4835271842034082,0.6518615760493017,0.8378566576086957,0.49696969696969695,0.9470226742954015
ds_v1_seed0/livingroom_v05,livingroom,0.9295087299780225,0.5741494468795658,0.7294726025126793,0.8613960597826087,0.6585862213443466,0.8174591381872214
ds_v2_seed1/livingroom_v28,livingroom,0.9444810948040038,0.5981895633652822,0.7485839941360699,0.8718410326086956,0.6591175780333255,0.8661526599845798
ds_v2_seed1/livingroom_v26,livingroom,0.839291851972849,0.05981768908598177,0.11288297921800176,0.6759341032608696,0.06033797216699801,0.8740100791936645
ds_v1_seed0/livingroom_v63,livingroom,0.9194235982525375,0.529485922398095,0.6923710962542359,0.8288552989130434,0.5791624106230848,0.8605904227062305
ds_v1_seed0/livingroom_v10,livingroom,0.9213178149475093,0.5584754449725096,0.7166945706768715,0.8390625,0.6224553385957624,0.8445603156708005
ds_v2_seed1/livingroom_v12,livingroom,0.9419022499446206,0.48310170562223625,0.6514748163134916,0.8332370923913044,0.4980192109404678,0.9416170736712497
ds_v1_seed0/livingroom_v33,livingroom,0.957723171099431,0.5204718512045937,0.6846188580107548,0.8695142663043478,0.5404056768841942,0.9338185890257559
ds_v1_seed0/livingroom_v57,livingroom,0.953434569753919,0.4847250509164969,0.6529492455418381,0.85390625,0.5012388503468781,0.936357324693358
ds_v2_seed1/livingroom_v10,livingroom,0.9267051260207144,0.4939280709948622,0.6612474597467562,0.8159816576086957,0.5255180639069721,0.8915022761760243
ds_v1_seed0/livingroom_v45,livingroom,0.9434801903853808,0.5585447372746699,0.7167516259448058,0.8631623641304348,0.5996470588235294,0.890694626474443
ds_v2_seed1/livingroom_v13,livingroom,0.9584239730485739,0.6116312567518906,0.7590213383979443,0.8900985054347826,0.6622262655143284,0.8889567341242149
ds_v2_seed1/livingroom_v30,livingroom,0.9324130312458775,0.5274680515248714,0.6906436452118263,0.8423743206521739,0.5697629654072486,0.8766288712134033
ds_v1_seed0/minigym_v42,minigym,0.9546952986782632,0.7444642479533577,0.8535161999757563,0.8563349184782608,0.7854160690951971,0.9345468335229428
ds_v2_seed1/minigym_v32,minigym,0.9747521114169728,0.7161285646990615,0.8345861486486486,0.8669497282608696,0.7274099157127608,0.9788024367292358
ds_v1_seed0/minigym_v55,minigym,0.9590007749800921,0.600614382471594,0.7504798020671953,0.8167289402173913,0.6125854063644256,0.968488899498687
ds_v1_seed0/minigym_v09,minigym,0.9538365789672879,0.6744820995870449,0.805600847872167,0.8380095108695652,0.7046637666690437,0.9402892758587877
ds_v1_seed0/minigym_v33,minigym,0.9750095460390144,0.7080952894254608,0.829105136943077,0.8620244565217391,0.7193385895751204,0.9784033363121835
ds_v2_seed1/minigym_v21,minigym,0.9709872009011614,0.7638318356867779,0.8661050563126581,0.8750169836956522,0.7849157405269928,0.9660280866953487
ds_v1_seed0/minigym_v27,minigym,0.9811691089964922,0.8148002361739815,0.897950330766728,0.9041100543478261,0.8188021228203184,0.9940373764456361
ds_v1_seed0/minigym_v35,minigym,0.9735671853972678,0.7211399711399712,0.8379794592328651,0.8687160326086957,0.7341707066255325,0.9759789083097353
ds_v2_seed1/minigym_v49,minigym,0.9641380099028093,0.7820576179540103,0.877701831944014,0.8726732336956522,0.8112297207647308,0.9560396602580049
ds_v2_seed1/minigym_v30,minigym,0.9659425373582945,0.5903785610074483,0.742437776114719,0.8188009510869565,0.599984392680167,0.9735975686969736
ds_v1_seed0/minigym_v31,minigym,0.928490688738382,0.7491749174917491,0.8566037735849056,0.8476902173913043,0.8409783052337446,0.8728208804457623
ds_v2_seed1/minigym_v15,minigym,0.9528479538061293,0.7399403141704654,0.8505352834740652,0.8653192934782609,0.8086227287388453,0.8970301753269988
ds_v1_seed0/minigym_v29,minigym,0.9729306029764947,0.6597247114488494,0.794980886767596,0.838773777173913,0.664968567092998,0.9881879194630873
ds_v2_seed1/minigym_v33,minigym,0.977080591135295,0.08504504504504505,0.1567585519760877,0.8706351902173913,0.08512684862330167,0.9888268156424581
ds_v1_seed0/minigym_v40,minigym,0.9705418317363372,0.5351994710160899,0.6972376959742722,0.8209239130434782,0.5398159263705482,0.9842723956222132
ds_v1_seed0/minigym_v11,minigym,0.9855028056267359,0.44948676391139925,0.6202012672381663,0.9307744565217392,0.44997295835586804,0.9976019184652278
ds_v2_seed1/minigym_v37,minigym,0.9227127749469604,0.7593528273489573,0.8632183556872689,0.8479279891304348,0.8817801635353598,0.8454219030520647
ds_v1_seed0/minigym_v28,minigym,0.9730491825677046,0.6169248644461658,0.7630841457280414,0.8320142663043478,0.6213770236005461,0.9885192999875885
ds_v2_seed1/minigym_v52,minigym,0.978372501173573,0.7243387123606722,0.8401350699469367,0.8592900815217391,0.7290445731891095,0.9911673647787288
ds_v1_seed0/minigym_v50,minigym,0.9692764819781958,0.6174982518201637,0.7635226203494139,0.8420686141304348,0.6278544542032622,0.9739830013624862
ds_v1_seed0/minigym_v07,minigym,0.9747155640884158,0.7055905568831922,0.8273856278526696,0.8619055706521739,0.7167764004855262,0.9783612812531378
ds_v2_seed1/minigym_v01,minigym,0.9405462012635912,0.706813789663986,0.8282260126374228,0.8402513586956522,0.7683393758682614,0.898237274707863
ds_v2_seed1/minigym_v07,minigym,0.9742727695349938,0.6246765847347995,0.7689857668955907,0.8423233695652174,0.6307196212090289,0.9848938746892727
ds_v2_seed1/minigym_v26,minigym,0.935931734588805,0.7715728996086486,0.8710597230055774,0.8602241847826086,0.8763595094732196,0.8658236521630797
ds_v2_seed1/minigym_v50,minigym,0.9444709761807147,0.7252650454588354,0.8407578271731004,0.8516813858695652,0.7895205479452054,0.8991068991068991
ds_v1_seed0/minigym_v34,minigym,0.9739967444161372,0.5620999790838737,0.7196722189491724,0.8222146739130435,0.5654351119340179,0.9896155545735749
ds_v2_seed1/minigym_v35,minigym,0.9633968424496085,0.6735928918739287,0.8049662437556174,0.8415251358695652,0.6950620848974878,0.9561547246635881
ds_v1_seed0/minigym_v20,minigym,0.9682579622502122,0.7123992620642781,0.8320480834656384,0.8490828804347826,0.7231658836284784,0.9795291709314228
ds_v2_seed1/minigym_v53,minigym,0.9770039428298136,0.7312439663494691,0.8447613167904727,0.8676120923913043,0.739969297327472,0.9841306667904042
ds_v1_seed0/minigym_v05,minigym,0.9772054025699448,0.7174298375184638,0.8354691665949944,0.8700407608695652,0.7285135743212839,0.979233870967742
ds_v2_seed1/minigym_v45,minigym,0.9906615217723016,0.6032388663967612,0.7525252525252526,0.9450747282608696,0.6076371725160653,0.9881430868167203
ds_v1_seed0/minigym_v17,minigym,0.9238484703322983,0.7349652549400898,0.8472391626833691,0.8425951086956521,0.8272232772216679,0.8682476943346509
ds_v1_seed0/minimal_interior_v42,minimal_interior,0.9551896752522143,0.45592967584961935,0.6263072776280323,0.8822690217391305,0.4809571121046531,0.8975587144622992
ds_v1_seed0/minimal_interior_v65,minimal_interior,0.8858598583829487,0.055937070795355225,0.10594773560364194,0.871586277173913,0.057443261956661114,0.6808510638297872
ds_v1_seed0/minimal_interior_v13,minimal_interior,0.939981164455859,0.43950507520189674,0.6106335889649492,0.8715183423913043,0.4766189940543146,0.8494916225118144
ds_v2_seed1/minimal_interior_v10,minimal_interior,0.9419704202235315,0.4517597333983581,0.6223615699009014,0.8854449728260869,0.5000449842555106,0.823895641861844
ds_v2_seed1/minimal_interior_v04,minimal_interior,0.9639759526473127,0.4422609021149167,0.6132883467427979,0.8987771739130435,0.46274356212670126,0.909020965570302
ds_v2_seed1/minimal_interior_v53,minimal_interior,0.9381682363057702,0.47132833293007503,0.6406840980101955,0.888671875,0.5312244341423507,0.8069594034797017
ds_v2_seed1/minimal_interior_v27,minimal_interior,0.9429121156719532,0.44527623895792784,0.6161814979799026,0.8741508152173914,0.4730772289827408,0.8834100698054359
ds_v1_seed0/minimal_interior_v46,minimal_interior,0.9676089519816771,0.25637241749396295,0.40811532301121195,0.905859375,0.26242790442186215,0.9174267882861258
ds_v2_seed1/minimal_interior_v08,minimal_interior,0.9504596943879889,0.4261525436773647,0.5976254722072315,0.8733695652173913,0.4481223696989317,0.8968253968253969
ds_v2_seed1/minimal_interior_v25,minimal_interior,0.9440916300093348,0.28626061001772224,0.44510514865844814,0.8700407608695652,0.2984247374562427,0.8753565316600114
ds_v2_seed1/minimal_interior_v33,minimal_interior,0.9538134857534177,0.41840054475296967,0.5899610604363366,0.8694463315217391,0.4376038616760307,0.9050736497545008
ds_v2_seed1/minimal_interior_v30,minimal_interior,0.9572936048911602,0.24988689488764892,0.3998552123552123,0.8310461956521739,0.25280341749942786,0.9558696279203923
ds_v1_seed0/minimal_interior_v24,minimal_interior,0.9311315131999258,0.36761271144454666,0.5375976815194328,0.848250679347826,0.3900570741964554,0.864657899117696
ds_v2_seed1/minimal_interior_v29,minimal_interior,0.9305084813541509,0.3769599303135889,0.547524909062154,0.8542289402173913,0.40327716082938575,0.8524294156270519
ds_v1_seed0/minimal_interior_v43,minimal_interior,0.9570393712823291,0.3904697760565752,0.5616372002906272,0.8770380434782609,0.4068421052631579,0.9065676309616888
ds_v2_seed1/minimal_interior_v22,minimal_interior,0.970109904613418,0.3317446242518289,0.4982105701206825,0.8976052989130435,0.33845979871084475,0.9435687263556116
ds_v1_seed0/minimal_interior_v11,minimal_interior,0.956534289010063,0.45239173079824957,0.622961038961039,0.8767323369565218,0.4700901607212858,0.9231716705157814
ds_v1_seed0/minimal_interior_v09,minimal_interior,0.9652554507472693,0.5230611865352427,0.6868551193601563,0.912890625,0.5629503602882305,0.8806951620479098
ds_v1_seed0/minimal_interior_v40,minimal_interior,0.9557927030177457,0.2602336792221587,0.41299273858921165,0.8462296195652174,0.26405239595423646,0.947352766210589
ds_v1_seed0/minimal_interior_v26,minimal_interior,0.967006507383534,0.3469435921642672,0.5151568249518136,0.9060122282608696,0.358974358974359,0.9119106699751861
ds_v1_seed0/minimal_interior_v63,minimal_interior,0.9721157707043625,0.3520246224872559,0.5207369993597496,0.8855808423913043,0.3561697158427404,0.9679978841576302
ds_v2_seed1/minimal_interior_v60,minimal_interior,0.9301611750295233,0.3972938814957996,0.5686618781590849,0.8623131793478261,0.43341443633414434,0.8266047950502707
ds_v1_seed0/minimal_interior_v37,minimal_interior,0.9558727741174583,0.4904696553827386,0.6581410813852371,0.8864979619565218,0.514228617106315,0.9139082256002273
ds_v2_seed1/minimal_interior_v51,minimal_interior,0.9035790397846594,0.29736684106698685,0.45841597249768606,0.8608695652173913,0.334975845410628,0.7259212730318257
ds_v1_seed0/minimal_interior_v29,minimal_interior,0.9629859305580294,0.2928876797512631,0.45307521192809475,0.8454993206521739,0.29695011427220425,0.9553752535496958
ds_v2_seed1/minimal_interior_v37,minimal_interior,0.9396483345539278,0.4046225423983191,0.5761299284111551,0.8652513586956522,0.4288554839735942,0.8774613506916192
ds_v2_seed1/minimal_interior_v16,minimal_interior,0.9597898603862782,0.3790375741595254,0.5497131931166348,0.9040081521739131,0.398061613014884,0.888030888030888
ds_v1_seed0/minimal_interior_v23,minimal_interior,0.9200464120238274,0.31874046108121135,0.48340135225680697,0.855961277173913,0.3405131725735862,0.832913518052057
ds_v1_seed0/minimal_interior_v04,minimal_interior,0.9341640536574696,0.37921906022501656,0.5499040307101727,0.8884850543478261,0.4248040669349714,0.7794403420132141
ds_v2_seed1/minimal_interior_v35,minimal_interior,0.9394517142478723,0.4355913811812122,0.6068459129683619,0.8763247282608696,0.4772013246157765,0.8332097850259451
ds_v2_seed1/minimal_interior_v02,minimal_interior,0.9533923568891385,0.0652754590984975,0.12255132424384893,0.9049082880434782,0.065947039973014,0.8650442477876106
ds_v1_seed0/minimal_interior_v31,minimal_interior,0.9404965184083923,0.3624784287944778,0.5320868516284681,0.8682404891304348,0.38413306627188015,0.8654110260937806
ds_v2_seed1/minimal_interior_v61,minimal_interior,0.9516893869798563,0.14623955431754876,0.2551640340218712,0.8854789402173913,0.1489938080495356,0.8877786318216756
ds_v2_seed1/minimal_interior_v23,minimal_interior,0.9373471155584145,0.41533769063180825,0.586909673049689,0.8860563858695653,0.4635284964014783,0.7997986239301896
ds_v1_seed0/minimal_interior_v25,minimal_interior,0.9574336699961391,0.22692214013152553,0.36990471148755955,0.83828125,0.22881702824396233,0.9647911632723507
ds_v1_seed0/minimal_interior_v18,minimal_interior,0.9309990795576413,0.4208767293642158,0.5924183578578851,0.8734544836956522,0.4688311688311688,0.8044867033130293
ds_v2_seed1/minimal_interior_v40,minimal_interior,0.941064442998674,0.431875,0.6032300305543431,0.8919327445652174,0.4747742442088732,0.8269789707642332
ds_v1_seed0/minimal_interior_v44,minimal_interior,0.9168643513835768,0.27751540862883217,0.43446115288220555,0.8467051630434783,0.29443736730360937,0.8284348864994027
ds_v2_seed1/minimal_interior_v26,minimal_interior,0.9599967035821814,0.2777473173024203,0.43474529516336663,0.8433933423913044,0.28082679971489666,0.9620184481823114
ds_v2_seed1/scandinavian_v01,scandinavian,0.9703044818664844,0.7265824532339339,0.8416423459800904,0.9327275815217392,0.7828350438792205,0.9100025935851993
ds_v2_seed1/scandinavian_v02,scandinavian,0.9786787082008027,0.7004830917874396,0.8238636363636364,0.9420855978260869,0.735090791778044,0.9370226765362472
ds_v1_seed0/scandinavian_v17,scandinavian,0.9659724459482836,0.67423428264374,0.8054240552034021,0.9176290760869565,0.7183854576683604,0.9164612434949329
ds_v1_seed0/scandinavian_v15,scandinavian,0.9606936341061396,0.6568535533470842,0.7928927116342237,0.9067595108695652,0.6985973542511467,0.916615787178369
ds_v1_seed0/scandinavian_v10,scandinavian,0.9703898219740437,0.7073064970730649,0.8285641720284456,0.9312160326086957,0.7560448049439938,0.9164715797359303
ds_v1_seed0/scandinavian_v18,scandinavian,0.8880064944709305,0.49572036935531477,0.6628516660089079,0.796875,0.540626293281832,0.856487214977781
ds_v2_seed1/scandinavian_v50,scandinavian,0.9737655489301689,0.6529913284267288,0.7900722976547346,0.9191236413043479,0.6857208448117539,0.9318843594009983
ds_v2_seed1/scandinavian_v31,scandinavian,0.955432355223327,0.4283842794759825,0.599816569856313,0.8443783967391304,0.44217643271088214,0.9321297678838062
ds_v2_seed1/scandinavian_v25,scandinavian,0.9781117822599784,0.6927960721239312,0.8185227784167625,0.9383661684782608,0.7295418078088786,0.9322246269506778
ds_v2_seed1/scandinavian_v16,scandinavian,0.9561052098170086,0.6181662259701279,0.764033034491896,0.9092561141304348,0.6703347799132052,0.8881815381456002
ds_v1_seed0/scandinavian_v06,scandinavian,0.8698753096770735,0.4432750136686714,0.6142627142721849,0.792476222826087,0.4884036144578313,0.827507017096198
ds_v1_seed0/scandinavian_v50,scandinavian,0.9732665006461926,0.6092589786331263,0.757191958190122,0.9124150815217391,0.6350999131190269,0.9373979948705992
ds_v1_seed0/scandinavian_v13,scandinavian,0.9595401954480469,0.6780300724417118,0.8081262470524215,0.9101732336956522,0.7487227749394999,0.8777681456379541
ds_v2_seed1/scandinavian_v10,scandinavian,0.9002223145918683,0.48676061832544987,0.654793532093542,0.8212466032608695,0.527311146328579,0.8635695129336448
ds_v2_seed1/scandinavian_v30,scandinavian,0.9560751843491672,0.5780474005154963,0.7326109473348738,0.8860054347826087,0.6086985303852773,0.9198679471788715
ds_v2_seed1/scandinavian_v61,scandinavian,0.9651055592288676,0.6474273631451171,0.7859859288838184,0.9235394021739131,0.6988756446022487,0.8979037688715108
ds_v1_seed0/scandinavian_v34,scandinavian,0.962271131332138,0.5312008748547604,0.693835647011561,0.8835088315217391,0.5525773195876289,0.9321180139122092
ds_v1_seed0/scandinavian_v04,scandinavian,0.9138182332580983,0.5761724439265948,0.7311033080761412,0.8517323369565217,0.6497317420343808,0.8357746478873239
ds_v1_seed0/scandinavian_v27,scandinavian,0.9715168639089601,0.602086981903094,0.7516283306763836,0.9073879076086957,0.6266423634844688,0.938893946290396
ds_v2_seed1/scandinavian_v41,scandinavian,0.9788701916537386,0.7495858840475333,0.856872350059688,0.9409476902173913,0.7910617922018697,0.9346264367816092
ds_v1_seed0/scandinavian_v43,scandinavian,0.950555321622437,0.6032587467217231,0.752540721147153,0.8792459239130435,0.6367652255860525,0.919771992513187
ds_v2_seed1/scandinavian_v24,scandinavian,0.9113184101430424,0.5396770529850378,0.7010262989095574,0.8416779891304348,0.5979973736047275,0.846946683199008
ds_v2_seed1/scandinavian_v32,scandinavian,0.9641951481282405,0.7158514159617506,0.8343979080036009,0.9343919836956521,0.7849020082264698,0.8905563689604685
ds_v1_seed0/scandinavian_v55,scandinavian,0.9790163208969549,0.6686457909719398,0.8014232793916942,0.9308084239130435,0.7007927712897452,0.9357996585088219
ds_v1_seed0/scandinavian_v64,scandinavian,0.9700784494101828,0.7236982745457322,0.8397041236656775,0.9385360054347827,0.7804857966241252,0.9086464723926381
ds_v1_seed0/scandinavian_v32,scandinavian,0.9770836784871384,0.6262779552715655,0.7701979274102451,0.9205332880434782,0.6528726061615321,0.9389294695246079
ds_v2_seed1/scandinavian_v54,scandinavian,0.9665132993429777,0.6115894974590627,0.7589891823238295,0.9065387228260869,0.6463041694637129,0.919265860386166
ds_v2_seed1/scandinavian_v37,scandinavian,0.9137048538717528,0.5309114379235628,0.6935887011774624,0.8271908967391305,0.5663699404908277,0.894516078918751
ds_v2_seed1/scandinavian_v28,scandinavian,0.9727203971713616,0.6948203783745482,0.8199339437267446,0.926851222826087,0.7380146007375631,0.9223100075244545
ds_v2_seed1/scandinavian_v39,scandinavian,0.9404462882634769,0.5618065135248606,0.719431643625192,0.8759171195652173,0.6050642723338285,0.8871105218297187
ds_v1_seed0/scandinavian_v60,scandinavian,0.9709587736355653,0.6966161026837806,0.8211829436038515,0.9293478260869565,0.7432306255835668,0.917402996542451
ds_v1_seed0/scandinavian_v42,scandinavian,0.9801674341990165,0.7639919550592967,0.8662079811283665,0.9422044836956521,0.8108943687891056,0.929620253164557
ds_v2_seed1/scandinavian_v12,scandinavian,0.9174137663572794,0.4714027052934285,0.640752804922186,0.8314198369565218,0.5054819552306989,0.8748764577979838
ds_v1_seed0/scandinavian_v40,scandinavian,0.963540224917088,0.5483870967741935,0.7083333333333333,0.8863451086956522,0.5702856340795845,0.9345600920069005
ds_v1_seed0/scandinavian_v07,scandinavian,0.9137930163327539,0.48232583223022996,0.65076897635191,0.8206691576086956,0.5147551276684805,0.8844736132338398
ds_v2_seed1/scandinavian_v65,scandinavian,0.9671193401076161,0.6388252148997134,0.7796136025876388,0.9143682065217391,0.6793113954905545,0.9146666666666666
ds_v2_seed1/scandinavian_v42,scandinavian,0.9789199707405596,0.7393688057918043,0.8501576012284813,0.9370244565217392,0.7774575018477458,0.9378566333808844
ds_v1_seed0/scandinavian_v37,scandinavian,0.9728707736786242,0.7249355582688916,0.8405363954540092,0.9311311141304348,0.7761638463214467,0.9165523156089194
ds_v1_seed0/scandinavian_v45,scandinavian,0.9715523239907895,0.6748350612629594,0.8058525604952165,0.923828125,0.7139131768676177,0.9249726721653583
ds_v2_seed1/scandinavian_v46,scandinavian,0.9739557537743196,0.7021156558533145,0.8249917136228042,0.9282608695652174,0.7373722411494593,0.9362422418657137
ds_v1_seed0/sunlight_v02,sunlight,0.9546351728916789,0.46613396591547535,0.6358681767861705,0.7095108695652174,0.4688412394436945,0.9877637409881606
ds_v1_seed0/sunlight_v20,sunlight,0.9442113765797725,0.405131433968204,0.5766456064883272,0.6790760869565218,0.40650072651462504,0.9917540073982737
ds_v2_seed1/sunlight_v49,sunlight,0.9411024122576251,0.40878358341735366,0.5803355295009156,0.6613960597826087,0.41182445553132374,0.9822573749465584
ds_v2_seed1/sunlight_v55,sunlight,0.9381530107606897,0.21527078195018584,0.3542762405671164,0.6163383152173914,0.215810551976319,0.9885149146594353
ds_v1_seed0/sunlight_v59,sunlight,0.9433747046549465,0.18682003003773032,0.3148245316213463,0.6229789402173913,0.187004986799648,0.994733762434172
ds_v2_seed1/sunlight_v31,sunlight,0.9614829112353885,0.18020275657819798,0.30537592896438565,0.633305027173913,0.18027805211577907,0.9976876182467942
ds_v2_seed1/sunlight_v22,sunlight,0.9548008883804519,0.43945294245926664,0.6105832702088518,0.6944123641304348,0.44129516658845613,0.9905898876404494
ds_v1_seed0/sunlight_v04,sunlight,0.93480294421638,0.3033239622953531,0.46546211236867485,0.6422554347826087,0.30474513191998404,0.9848582474226805
ds_v1_seed0/sunlight_v32,sunlight,0.9628866316579053,0.3050280918853567,0.467465940054496,0.668070652173913,0.30528863264289274,0.9972099511741456
ds_v2_seed1/sunlight_v26,sunlight,0.9527752899703886,0.43257493449223494,0.6039124712810333,0.6984205163043479,0.4355393970592967,0.9845090909090909
ds_v1_seed0/sunlight_v21,sunlight,0.9598375019955168,0.2217039911702923,0.3629422393192283,0.6287364130434783,0.22184616480815134,0.9971176941553243
ds_v2_seed1/sunlight_v42,sunlight,0.9627583749448367,0.3542664418212479,0.5231857349205559,0.6748301630434783,0.35466117432555627,0.9968681787985195
ds_v1_seed0/sunlight_v28,sunlight,0.9583978329840775,0.2936220582091631,0.4539533882340277,0.6554008152173914,0.2940110158265356,0.9955146364494807
ds_v2_seed1/sunlight_v16,sunlight,0.9474200804593041,0.42750329863656356,0.598952449419739,0.6683933423913043,0.42977155490051583,0.9878048780487805
ds_v2_seed1/sunlight_v33,sunlight,0.9526060085328365,0.33703235017359423,0.5041498810852788,0.6529891304347826,0.33755809040980145,0.9954000958313368
ds_v1_seed0/sunlight_v42,sunlight,0.9599936032870985,0.39069688192196284,0.5618720901739769,0.6963315217391305,0.39151072257888264,0.9947076175602985
ds_v2_seed1/sunlight_v65,sunlight,0.9598801524834928,0.3967688671609415,0.5681238700106624,0.6835597826086957,0.39761850686220435,0.9946432919405892
ds_v2_seed1/sunlight_v41,sunlight,0.9615180820217317,0.33600805891343616,0.5030030420425886,0.6753566576086957,0.33647558090997637,0.9958818078863378
ds_v1_seed0/sunlight_v08,sunlight,0.9400031221477189,0.2765208647561589,0.43324143363528944,0.633406929347826,0.2773761893554786,0.9889714696715416
ds_v2_seed1/sunlight_v53,sunlight,0.9509823652782664,0.39115270592338547,0.5623433060337623,0.6442255434782609,0.3924873866254484,0.9913812154696132
ds_v1_seed0/sunlight_v11,sunlight,0.9555946595081413,0.3911312892592823,0.562321173104435,0.6674592391304348,0.3918624213346626,0.9952524133565438
ds_v2_seed1/sunlight_v05,sunlight,0.9639102100829776,0.3494831587089515,0.5179511229222031,0.6857676630434782,0.34986448910633206,0.9968909838531742
ds_v1_seed0/sunlight_v43,sunlight,0.9601186457450249,0.20989161960006106,0.34695937421145595,0.6483695652173913,0.2099717492555547,0.9981851179673321
ds_v2_seed1/sunlight_v02,sunlight,0.961143077452934,0.2476098051901373,0.39693468929157905,0.6444802989130435,0.24781466959243137,0.9966724537037037
ds_v1_seed0/sunlight_v50,sunlight,0.9613761618107783,0.24541229127216388,0.3941061012357283,0.6277683423913043,0.24555601488218273,0.9976207137858643
ds_v1_seed0/sunlight_v25,sunlight,0.9570889745155339,0.10259083981711718,0.18609049905427033,0.6199728260869565,0.10262788365095286,0.9964939618231399
ds_v2_seed1/sunlight_v64,sunlight,0.9503731013643268,0.40872300684864177,0.5802744824377761,0.6935461956521739,0.41021508912714594,0.9911792752701843
ds_v1_seed0/sunlight_v26,sunlight,0.9606491106432992,0.3135640478924061,0.47742483268404756,0.6445991847826087,0.31396570978125204,0.9959366534694728
ds_v1_seed0/sunlight_v44,sunlight,0.9414118210828978,0.35642207186187586,0.5255326925971318,0.6252207880434782,0.35791477522331233,0.9884341637010676
ds_v2_seed1/sunlight_v21,sunlight,0.9583867561498172,0.43418765603767023,0.6054823498303292,0.6959239130434782,0.43581284694686756,0.9914844482932814
ds_v1_seed0/sunlight_v19,sunlight,0.9410690057091501,0.3972420716943247,0.5686088040744732,0.6533118206521739,0.39955449955449956,0.9856399736244413
ds_v2_seed1/sunlight_v54,sunlight,0.9506908820812644,0.4132006957370846,0.5847728450509587,0.6734035326086957,0.41479552764588756,0.9907807126655448
ds_v1_seed0/sunlight_v47,sunlight,0.9549126417903715,0.12910072612176504,0.22867884704175187,0.6027853260869566,0.1291440065559115,0.9974108170310702
ds_v1_seed0/sunlight_v16,sunlight,0.9332192345220415,0.24188406293922046,0.3895437104921744,0.624405570652174,0.24285812624767675,0.9836888331242158
ds_v1_seed0/sunlight_v24,sunlight,0.9479742060980865,0.3993886105070751,0.5708044320331501,0.6763247282608695,0.40106968795493386,0.9896142433234422
ds_v2_seed1/sunlight_v23,sunlight,0.956232638287982,0.270334454779339,0.42561146596043004,0.6242866847826087,0.27052183384493517,0.9974443227455275
ds_v2_seed1/sunlight_v19,sunlight,0.9398363874295619,0.33161436387648574,0.49806366298290355,0.6389945652173913,0.3331122271707887,0.9866217606885583
ds_v1_seed0/sunlight_v07,sunlight,0.9518066135729797,0.3031602033695544,0.4652692778457772,0.6438519021739131,0.30358390735749224,0.995417348608838
ds_v2_seed1/sunlight_v25,sunlight,0.9606371673404105,0.25176986380134403,0.40226222260500094,0.646382472826087,0.25198719562637123,0.9965860597439545
ds_v2_seed1/sunlight_v45,sunlight,0.9415100736019635,0.45489567602551856,0.6253309890482344,0.699609375,0.46068853584693653,0.9731012658227848
ds_v2_seed1/terrazzo_v37,terrazzo,0.9340516716269548,0.6729602386359784,0.8045143250800342,0.8361413043478261,0.7215861592701632,0.9089785266242388
ds_v2_seed1/terrazzo_v38,terrazzo,0.9525611218257334,0.4463063817902528,0.6171671333397702,0.7979789402173914,0.45279811097992917,0.9688763136620857
ds_v1_seed0/terrazzo_v07,terrazzo,0.937185154305872,0.6513649478434564,0.7888806755818383,0.8399286684782609,0.6983264593908629,0.9064189015288001
ds_v1_seed0/terrazzo_v15,terrazzo,0.9289054053195062,0.7467844542600772,0.8550390432417818,0.8451936141304348,0.8340935182599523,0.8770636215334421
ds_v1_seed0/terrazzo_v11,terrazzo,0.9345402364659797,0.7275942269092299,0.8423207435821776,0.8547894021739131,0.8141823237905095,0.8724737344794652
ds_v2_seed1/terrazzo_v13,terrazzo,0.9534486691969806,0.7672451193058568,0.868295077942801,0.8542119565217391,0.933060739959111,0.8119368723098995
ds_v1_seed0/terrazzo_v53,terrazzo,0.9527924297845772,0.6601034388893929,0.7952557936160909,0.8727581521739131,0.6979756308164636,0.9240442017020195
ds_v2_seed1/terrazzo_v03,terrazzo,0.9493851674744462,0.3558730765554812,0.5249356782856942,0.7710767663043478,0.3600541507518252,0.9684005201560468
ds_v2_seed1/terrazzo_v10,terrazzo,0.9624849755218148,0.7590527746026269,0.8630244476594493,0.8102581521739131,0.9859095747660933,0.7673774638060352
ds_v1_seed0/terrazzo_v60,terrazzo,0.9579354974328397,0.7175297199274633,0.8355368895249937,0.7619055706521739,0.9910112984916792,0.7222301093151073
ds_v2_seed1/terrazzo_v58,terrazzo,0.8993639763048518,0.6965880348939245,0.8211634416453693,0.8003396739130435,0.8834697217675941,0.7670664468822828
ds_v1_seed0/terrazzo_v49,terrazzo,0.9696514738277562,0.7814070351758794,0.8772919605077576,0.8551970108695652,0.9721850079744817,0.799276198468478
ds_v1_seed0/terrazzo_v03,terrazzo,0.93530730309601,0.7704190513143855,0.8703239504143552,0.8392153532608696,0.9227395509599465,0.82354313562837
ds_v2_seed1/terrazzo_v40,terrazzo,0.9331663401589002,0.6881209503239741,0.8152507676560902,0.8528532608695653,0.759143798895993,0.8803131475938292
ds_v2_seed1/terrazzo_v07,terrazzo,0.9386339127012229,0.7022360293320811,0.8250748042357237,0.8600033967391304,0.7641209071970442,0.8965962549580297
ds_v2_seed1/terrazzo_v43,terrazzo,0.9728061948941672,0.7845893883068604,0.8792940196189827,0.8917459239130435,0.9456233961956743,0.8216598832065122
ds_v2_seed1/terrazzo_v47,terrazzo,0.9506548096978275,0.6830434101238051,0.8116765212533171,0.8626019021739131,0.7278420239635953,0.9173375427519074
ds_v1_seed0/terrazzo_v19,terrazzo,0.9683222356548202,0.7665436654366544,0.8678457039409554,0.8871773097826087,0.9289212554831566,0.8143059807362055
ds_v1_seed0/terrazzo_v20,terrazzo,0.9339101309944098,0.5271472392638037,0.6903685849151351,0.7905570652173913,0.541068125467354,0.9534641792079894
ds_v1_seed0/terrazzo_v04,terrazzo,0.9439759157336005,0.747720738210503,0.855652418447694,0.8256453804347826,0.9435021240968712,0.7827686450052739
ds_v2_seed1/terrazzo_v63,terrazzo,0.9295965162880112,0.507402898323057,0.6732147044264388,0.7869735054347826,0.5242442686143234,0.9404571262192459
ds_v1_seed0/terrazzo_v05,terrazzo,0.9581814140918651,0.776608445721866,0.8742595450246403,0.8283967391304348,0.9735587583148558,0.7933417652904509
ds_v1_seed0/terrazzo_v22,terrazzo,0.9586071191661735,0.6848552338530067,0.8129543952412425,0.8846467391304348,0.7221135029354208,0.9299395161290323
ds_v2_seed1/terrazzo_v16,terrazzo,0.9400989494571184,0.6059090254786239,0.7545994397759104,0.8140115489130435,0.6293499794415579,0.9420881826320502
ds_v1_seed0/terrazzo_v42,terrazzo,0.9353278090164171,0.7076452195358259,0.8287965338938248,0.774507472826087,0.9709943499410822,0.7229270706798039
ds_v1_seed0/terrazzo_v58,terrazzo,0.9259387197654579,0.632636156554152,0.7749873160832065,0.8192255434782608,0.671773070439053,0.9156758916974723
ds_v1_seed0/terrazzo_v23,terrazzo,0.9705930197019946,0.7839508061308778,0.8788928522431061,0.8800611413043479,0.9518591434196352,0.8163167786945302
ds_v2_seed1/terrazzo_v04,terrazzo,0.9743195166203185,0.7632732385047966,0.8657458433975096,0.9027683423913043,0.9176733780760626,0.8193803267045454
ds_v1_seed0/terrazzo_v55,terrazzo,0.9223453311176171,0.6982106510313819,0.8222898032200358,0.8312839673913044,0.7566668861526306,0.900376087126851
ds_v1_seed0/terrazzo_v41,terrazzo,0.9625548812548708,0.39389131297104324,0.5651678998292544,0.8183423913043478,0.39629418472063854,0.9848398979880986
ds_v1_seed0/terrazzo_v47,terrazzo,0.9378416617401987,0.5527367936878604,0.711951691922069,0.7853091032608696,0.5660144927536231,0.9592876880564937
ds_v2_seed1/terrazzo_v48,terrazzo,0.947625765163653,0.7252132096028854,0.8407229965156795,0.87578125,0.7920479258134668,0.8957724256346002
ds_v1_seed0/terrazzo_v18,terrazzo,0.9156433470337042,0.751358629130967,0.8580294368421788,0.8274966032608696,0.8910727246334736,0.8273491832443798
ds_v1_seed0/terrazzo_v61,terrazzo,0.9704902421948207,0.4203780651957629,0.5919241862381541,0.8317934782608696,0.4227781047675103,0.9866758241758242
ds_v2_seed1/terrazzo_v56,terrazzo,0.9362697498633052,0.5109854908611268,0.6763605527011521,0.7796195652173913,0.5220622208532265,0.9601331256196006
ds_v2_seed1/terrazzo_v55,terrazzo,0.9213586993033088,0.738202160691832,0.84938585095075,0.8267323369565217,0.8898753364061002,0.8124205710412606
ds_v2_seed1/terrazzo_v51,terrazzo,0.9275738707809097,0.6995854591836734,0.8232424623351281,0.8399966032608696,0.7791668146464467,0.8726036114867552
ds_v2_seed1/terrazzo_v19,terrazzo,0.9151701628166131,0.6524847595033673,0.7897013945223471,0.8150815217391304,0.7059290721364688,0.8960333114179267
ds_v2_seed1/terrazzo_v06,terrazzo,0.9354359322684207,0.7087788947941346,0.829573559169602,0.8455163043478261,0.7595553420709531,0.9138116073639891
ds_v2_seed1/terrazzo_v53,terrazzo,0.9583052551863926,0.7383467023172906,0.8494815232577516,0.8005604619565218,0.9842868175607438,0.7471533900024803
