model_scene,bedroom,blue_bathroom,computer_room,green_house,gym,living_room_contemp,livingroom,minigym,minimal_interior,scandinavian,sunlight,terrazzo
bedroom,0.9844,0.9694,0.9408,0.9225,0.9242,0.8848,0.8637,0.9042,0.8853,0.8849,0.8835,0.9049
blue_bathroom,0.8827,0.9889,0.9441,0.9347,0.9371,0.9105,0.8821,0.9274,0.9151,0.9080,0.9014,0.8702
computer_room,0.8133,0.9702,0.9900,0.9348,0.9394,0.9145,0.9219,0.9441,0.9114,0.8372,0.9082,0.9232
green_house,0.8228,0.9396,0.9222,0.9791,0.8990,0.9149,0.8434,0.9235,0.8187,0.8681,0.8953,0.8479
gym,0.8921,0.9804,0.9638,0.9467,0.9880,0.9309,0.9121,0.9573,0.9321,0.9126,0.9394,0.8996
living_room_contemp,0.8812,0.9702,0.9655,0.9610,0.9419,0.9870,0.8781,0.9561,0.9040,0.9421,0.9368,0.9050
livingroom,0.8314,0.9576,0.9512,0.9021,0.9173,0.9026,0.9655,0.9225,0.8190,0.7864,0.9008,0.9016
minigym,0.8238,0.9345,0.8955,0.9073,0.8951,0.8715,0.8393,0.9734,0.7826,0.7918,0.8790,0.8512
minimal_interior,0.8689,0.9856,0.9807,0.9545,0.9688,0.9447,0.9292,0.9467,0.9947,0.9308,0.9391,0.9292
scandinavian,0.8158,0.9392,0.8995,0.9292,0.8726,0.9049,0.8072,0.8682,0.8504,0.9914,0.8337,0.8018
sunlight,0.9117,0.9613,0.9821,0.9693,0.9680,0.9650,0.8996,0.9735,0.9328,0.9089,0.9922,0.9325
terrazzo,0.8640,0.9697,0.9796,0.9384,0.9398,0.9188,0.9262,0.9449,0.9263,0.8548,0.8882,0.9879
